1.19393,0,0.0490044,0.0490044
1.30493,0.0490044,0,0.0490044
1.30493,0,0.110996,0.110996
1.30493,0.110996,0,0.110996
1.30593,0,0.111995,0.111995
1.30593,0.111995,0,0.111995
1.30593,0,0.111998,0.111998
1.30593,0.111998,0,0.111998
1.30693,0,0.112996,0.112996
1.30693,0.112996,0,0.112996
1.30693,0,0.112998,0.112998
1.30793,0.112998,0,0.112998
1.30793,0,0.113997,0.113997
1.30893,0.113997,0,0.113997
1.38493,0,0.106977,0.106977
1.38993,0.106977,0,0.106977
1.39293,0,0.0839981,0.0839981
1.39393,0.0839981,0,0.0839981
1.39393,0,0.0849989,0.0849989
1.39593,0.0849989,0,0.0849989
1.39793,0,0.0679863,0.0679863
1.46493,0.0679863,0,0.0679863
1.46593,0,0.0799963,0.0799963
1.46593,0.0799963,0,0.0799963
1.46593,0,0.0799992,0.0799992
1.46693,0.0799992,0,0.0799992
1.46693,0,0.080997,0.080997
1.46693,0.080997,0,0.080997
1.46793,0,0.0800009,0.0800009
1.46893,0.0800009,0,0.0800009
1.46893,0,0.0809983,0.0809983
1.46893,0.0809983,0,0.0809983
1.46993,0,0.0819968,0.0819968
1.46993,0.0819968,0,0.0819968
1.46993,0,0.0819998,0.0819998
1.47093,0.0819998,0,0.0819998
1.47093,0,0.0829983,0.0829983
1.47193,0.0829983,0,0.0829983
1.47193,0,0.0820015,0.0820015
1.47293,0.0820015,0,0.0820015
1.47293,0,0.0829996,0.0829996
1.47293,0.0829996,0,0.0829996
1.47393,0,0.0839981,0.0839981
1.47393,0.0839981,0,0.0839981
1.47393,0,0.084001,0.084001
1.47393,0.084001,0,0.084001
1.47793,0,0.0879987,0.0879987
1.48193,0.0879987,0,0.0879987
1.48293,0,0.0899995,0.0899995
1.48293,0.0899995,0,0.0899995
1.48293,0,0.0900017,0.0900017
1.48293,0.0900017,0,0.0900017
1.48393,0,0.0909995,0.0909995
1.48493,0.0909995,0,0.0909995
1.48893,0,0.0910001,0.0910001
1.54693,0.0910001,0,0.0910001
1.54893,0,0.0820003,0.0820003
1.55093,0.0820003,0,0.0820003
1.55093,0,0.082999,0.082999
1.55093,0.082999,0,0.082999
1.55693,0,0.0849981,0.0849981
1.55693,0.0849981,0,0.0849981
1.55693,0,0.0849988,0.0849988
1.55993,0.0849988,0,0.0849988
1.56093,0,0.0830031,0.0830031
1.56193,0.0830031,0,0.0830031
1.56193,0,0.0840024,0.0840024
1.56193,0.0840024,0,0.0840024
1.56194,0,0.0810021,0.0810021
1.56293,0.0810021,0,0.0810021
1.56293,0,0.0820013,0.0820013
1.56393,0.0820013,0,0.0820013
1.56393,0,0.0829975,0.0829975
1.56393,0.0829975,0,0.0829975
1.56393,0,0.0830005,0.0830005
1.56394,0.0830005,0,0.0830005
1.56493,0,0.0829969,0.0829969
1.56493,0.0829969,0,0.0829969
1.56493,0,0.0829999,0.0829999
1.56494,0.0829999,0,0.0829999
1.56593,0,0.0839969,0.0839969
1.56593,0.0839969,0,0.0839969
1.56593,0,0.0839999,0.0839999
1.56594,0.0839999,0,0.0839999
1.56693,0,0.0849969,0.0849969
1.56693,0.0849969,0,0.0849969
1.56693,0,0.0849999,0.0849999
1.56694,0.0849999,0,0.0849999
1.56793,0,0.0849993,0.0849993
1.56794,0.0849993,0,0.0849993
1.56893,0,0.085997,0.085997
1.56993,0.085997,0,0.085997
1.56993,0,0.0850025,0.0850025
1.57093,0.0850025,0,0.0850025
1.57093,0,0.0860025,0.0860025
1.57393,0.0860025,0,0.0860025
1.57393,0,0.0860022,0.0860022
1.57493,0.0860022,0,0.0860022
1.57493,0,0.0860015,0.0860015
1.57493,0.0860015,0,0.0860015
1.57493,0,0.0860045,0.0860045
1.57593,0.0860045,0,0.0860045
1.57593,0,0.0870015,0.0870015
1.57593,0.0870015,0,0.0870015
1.57593,0,0.0870045,0.0870045
1.62793,0.0870045,0,0.0870045
1.62993,0,0.0829987,0.0829987
1.63093,0.0829987,0,0.0829987
1.63093,0,0.0840008,0.0840008
1.63193,0.0840008,0,0.0840008
1.63193,0,0.0850003,0.0850003
1.63293,0.0850003,0,0.0850003
1.63393,0,0.0849993,0.0849993
1.63493,0.0849993,0,0.0849993
1.63593,0,0.0869982,0.0869982
1.63593,0.0869982,0,0.0869982
1.63793,0,0.0889974,0.0889974
1.63793,0.0889974,0,0.0889974
1.64193,0,0.090997,0.090997
1.64493,0.090997,0,0.090997
1.64493,0,0.0920023,0.0920023
1.64593,0.0920023,0,0.0920023
1.64593,0,0.0920003,0.0920003
1.64693,0.0920003,0,0.0920003
1.64693,0,0.092999,0.092999
1.64793,0.092999,0,0.092999
1.64793,0,0.0939982,0.0939982
1.64793,0.0939982,0,0.0939982
1.64893,0,0.0949975,0.0949975
1.64893,0.0949975,0,0.0949975
1.64993,0,0.0949956,0.0949956
1.64993,0.0949956,0,0.0949956
1.65093,0,0.0959949,0.0959949
1.65093,0.0959949,0,0.0959949
1.65193,0,0.0969941,0.0969941
1.65193,0.0969941,0,0.0969941
1.65193,0,0.0969971,0.0969971
1.65293,0.0969971,0,0.0969971
1.65293,0,0.0979964,0.0979964
1.65393,0.0979964,0,0.0979964
1.65593,0,0.0989986,0.0989986
1.65593,0.0989986,0,0.0989986
1.65693,0,0.0959963,0.0959963
1.65693,0.0959963,0,0.0959963
1.65693,0,0.0929986,0.0929986
1.65993,0.0929986,0,0.0929986
1.78493,0,0.150999,0.150999
1.78493,0.150999,0,0.150999
1.78493,0,0.147002,0.147002
1.78494,0.147002,0,0.147002
1.78494,0,0.140008,0.140008
1.78494,0.140008,0,0.140008
1.78494,0,0.136009,0.136009
1.78494,0.136009,0,0.136009
1.78593,0,0.125999,0.125999
1.78594,0.125999,0,0.125999
1.86494,0,0.0800057,0.0800057
1.86693,0.0800057,0,0.0800057
1.86694,0,0.0820047,0.0820047
1.86694,0.0820047,0,0.0820047
1.86694,0,0.0820071,0.0820071
1.86694,0.0820071,0,0.0820071
1.86793,0,0.0830011,0.0830011
1.86793,0.0830011,0,0.0830011
1.86794,0,0.0830042,0.0830042
1.86794,0.0830042,0,0.0830042
1.86794,0,0.0830073,0.0830073
1.86794,0.0830073,0,0.0830073
1.86893,0,0.0839984,0.0839984
1.86893,0.0839984,0,0.0839984
1.86893,0,0.0840016,0.0840016
1.86894,0.0840016,0,0.0840016
1.86894,0,0.0839986,0.0839986
1.86894,0.0839986,0,0.0839986
1.86894,0,0.0839972,0.0839972
1.86894,0.0839972,0,0.0839972
1.86894,0,0.0830112,0.0830112
1.87994,0.0830112,0,0.0830112
1.87994,0,0.0730058,0.0730058
1.94494,0.0730058,0,0.0730058
1.94494,0,0.0760026,0.0760026
1.94494,0.0760026,0,0.0760026
1.94594,0,0.0770044,0.0770044
1.94694,0.0770044,0,0.0770044
1.94893,0,0.0799903,0.0799903
1.94893,0.0799903,0,0.0799903
1.94894,0,0.079996,0.079996
1.94993,0.079996,0,0.079996
1.94993,0,0.0809938,0.0809938
1.94994,0.0809938,0,0.0809938
1.95093,0,0.0819889,0.0819889
1.95093,0.0819889,0,0.0819889
1.95093,0,0.0819921,0.0819921
1.95093,0.0819921,0,0.0819921
1.95193,0,0.0829914,0.0829914
1.95194,0.0829914,0,0.0829914
1.95293,0,0.0729919,0.0729919
1.95293,0.0729919,0,0.0729919
1.95293,0,0.0729951,0.0729951
1.95293,0.0729951,0,0.0729951
1.95393,0,0.0739937,0.0739937
1.95393,0.0739937,0,0.0739937
1.95394,0,0.0739969,0.0739969
1.95394,0.0739969,0,0.0739969
1.98993,0,0.0450013,0.0450013
1.99193,0.0450013,0,0.0450013
1.99193,0,0.0469968,0.0469968
1.99193,0.0469968,0,0.0469968
1.99193,0,0.0469992,0.0469992
1.99194,0.0469992,0,0.0469992
1.99194,0,0.0470017,0.0470017
1.99394,0.0470017,0,0.0470017
1.99394,0,0.0490015,0.0490015
1.99493,0.0490015,0,0.0490015
1.99493,0,0.049996,0.049996
1.99493,0.049996,0,0.049996
1.99493,0,0.0499992,0.0499992
1.99494,0.0499992,0,0.0499992
1.99593,0,0.0509974,0.0509974
1.99594,0.0509974,0,0.0509974
1.99594,0,0.0510007,0.0510007
1.99693,0.0510007,0,0.0510007
1.99693,0,0.0519951,0.0519951
1.99693,0.0519951,0,0.0519951
1.99693,0,0.0519984,0.0519984
1.99793,0.0519984,0,0.0519984
1.99793,0,0.0529963,0.0529963
1.99794,0.0529963,0,0.0529963
1.99893,0,0.0529861,0.0529861
2.00093,0.0529861,0,0.0529861
2.00094,0,0.0520051,0.0520051
2.00193,0.0520051,0,0.0520051
2.00293,0,0.0539993,0.0539993
2.00393,0.0539993,0,0.0539993
2.00394,0,0.0540037,0.0540037
2.00493,0.0540037,0,0.0540037
2.00594,0,0.054003,0.054003
2.00693,0.054003,0,0.054003
2.00694,0,0.055,0.055
2.01094,0.055,0,0.055
2.02594,0,0.0420114,0.0420114
2.03894,0.0420114,0,0.0420114
2.03993,0,0.0459961,0.0459961
2.04494,0.0459961,0,0.0459961
2.04495,0,0.0500106,0.0500106
2.04693,0.0500106,0,0.0500106
2.04694,0,0.0500008,0.0500008
2.04694,0.0500008,0,0.0500008
2.04794,0,0.0500011,0.0500011
2.04993,0.0500011,0,0.0500011
2.05094,0,0.0470064,0.0470064
2.05293,0.0470064,0,0.0470064
2.05294,0,0.0470033,0.0470033
2.05394,0.0470033,0,0.0470033
2.05593,0,0.046999,0.046999
2.05594,0.046999,0,0.046999
2.05694,0,0.0460044,0.0460044
2.05793,0.0460044,0,0.0460044
2.10493,0,0.0789924,0.0789924
2.12393,0.0789924,0,0.0789924
2.12493,0,0.0859915,0.0859915
2.12493,0.0859915,0,0.0859915
2.12693,0,0.0819918,0.0819918
2.12793,0.0819918,0,0.0819918
2.12894,0,0.0820093,0.0820093
2.13093,0.0820093,0,0.0820093
2.13094,0,0.0830007,0.0830007
2.13493,0.0830007,0,0.0830007
2.13593,0,0.0849967,0.0849967
2.13594,0.0849967,0,0.0849967
2.13693,0,0.0859898,0.0859898
2.13793,0.0859898,0,0.0859898
2.13794,0,0.0859962,0.0859962
2.13893,0.0859962,0,0.0859962
2.13993,0,0.0869961,0.0869961
2.13993,0.0869961,0,0.0869961
2.14093,0,0.0869936,0.0869936
2.14094,0.0869936,0,0.0869936
2.14193,0,0.0879961,0.0879961
2.14293,0.0879961,0,0.0879961
2.14294,0,0.0869976,0.0869976
2.14393,0.0869976,0,0.0869976
2.18493,0,0.127992,0.127992
2.18794,0.127992,0,0.127992
2.18894,0,0.0629988,0.0629988
2.19093,0.0629988,0,0.0629988
2.19094,0,0.0630062,0.0630062
2.19194,0.0630062,0,0.0630062
2.19294,0,0.0639958,0.0639958
2.19294,0.0639958,0,0.0639958
2.19594,0,0.0649982,0.0649982
2.19793,0.0649982,0,0.0649982
2.19893,0,0.0639976,0.0639976
2.19894,0.0639976,0,0.0639976
2.20093,0,0.0649951,0.0649951
2.20194,0.0649951,0,0.0649951
2.20394,0,0.0640006,0.0640006
2.20794,0.0640006,0,0.0640006
2.20993,0,0.0679952,0.0679952
2.21093,0.0679952,0,0.0679952
2.24193,0,0.0549968,0.0549968
2.24293,0.0549968,0,0.0549968
2.24393,0,0.0559974,0.0559974
2.24893,0.0559974,0,0.0559974
2.25193,0,0.0589905,0.0589905
2.25393,0.0589905,0,0.0589905
2.25493,0,0.0589948,0.0589948
2.25593,0.0589948,0,0.0589948
2.25793,0,0.0599961,0.0599961
2.25893,0.0599961,0,0.0599961
2.26393,0,0.0619918,0.0619918
2.34494,0.0619918,0,0.0619918
2.34495,0,0.14101,0.14101
2.34495,0.14101,0,0.14101
2.34593,0,0.137996,0.137996
2.34695,0.137996,0,0.137996
2.34795,0,0.105012,0.105012
2.34893,0.105012,0,0.105012
2.34895,0,0.101014,0.101014
2.34993,0.101014,0,0.101014
2.35194,0,0.0930015,0.0930015
2.54493,0.0930015,0,0.0930015
2.54493,0,0.199991,0.199991
2.54593,0.199991,0,0.199991
2.54693,0,0.201986,0.201986
2.54794,0.201986,0,0.201986
2.54893,0,0.202981,0.202981
2.54894,0.202981,0,0.202981
2.54993,0,0.202992,0.202992
2.54994,0.202992,0,0.202992
2.55093,0,0.203992,0.203992
2.55094,0.203992,0,0.203992
2.55193,0,0.204986,0.204986
2.55194,0.204986,0,0.204986
2.55293,0,0.204993,0.204993
2.55294,0.204993,0,0.204993
2.55393,0,0.205987,0.205987
2.55495,0.205987,0,0.205987
2.55593,0,0.207,0.207
2.55693,0.207,0,0.207
2.55794,0,0.208007,0.208007
2.55893,0.208007,0,0.208007
2.55894,0,0.208989,0.208989
2.55994,0.208989,0,0.208989
2.56093,0,0.209996,0.209996
2.56094,0.209996,0,0.209996
2.56294,0,0.211004,0.211004
2.56393,0.211004,0,0.211004
2.56593,0,0.213994,0.213994
2.56594,0.213994,0,0.213994
2.56693,0,0.214979,0.214979
2.56694,0.214979,0,0.214979
2.56793,0,0.214995,0.214995
2.56794,0.214995,0,0.214995
2.56993,0,0.108989,0.108989
2.66793,0.108989,0,0.108989
2.66893,0,0.120996,0.120996
2.67193,0.120996,0,0.120996
2.67393,0,0.123997,0.123997
2.67893,0.123997,0,0.123997
2.68093,0,0.129991,0.129991
2.68293,0.129991,0,0.129991
2.68493,0,0.13299,0.13299
2.68693,0.13299,0,0.13299
2.69093,0,0.135001,0.135001
2.69393,0.135001,0,0.135001
2.69593,0,0.137989,0.137989
2.69693,0.137989,0,0.137989
2.69993,0,0.14099,0.14099
2.70093,0.14099,0,0.14099
2.70293,0,0.142992,0.142992
2.70493,0.142992,0,0.142992
2.70495,0,0.142011,0.142011
2.70594,0.142011,0,0.142011
2.70595,0,0.139013,0.139013
2.70694,0.139013,0,0.139013
2.71593,0,0.0419974,0.0419974
2.71594,0.0419974,0,0.0419974
2.72793,0,0.0449974,0.0449974
2.72794,0.0449974,0,0.0449974
2.72893,0,0.0459992,0.0459992
2.72993,0.0459992,0,0.0459992
2.72994,0,0.0430057,0.0430057
2.73293,0.0430057,0,0.0430057
2.73294,0,0.0420061,0.0420061
2.73593,0.0420061,0,0.0420061
2.78494,0,0.0800022,0.0800022
2.78593,0.0800022,0,0.0800022
2.78693,0,0.0819873,0.0819873
2.78794,0.0819873,0,0.0819873
2.78893,0,0.0829951,0.0829951
2.78993,0.0829951,0,0.0829951
2.79093,0,0.0849824,0.0849824
2.79193,0.0849824,0,0.0849824
2.79293,0,0.0859936,0.0859936
2.79394,0.0859936,0,0.0859936
2.79693,0,0.0889979,0.0889979
2.79893,0.0889979,0,0.0889979
2.80093,0,0.0909924,0.0909924
2.80193,0.0909924,0,0.0909924
2.80393,0,0.0929988,0.0929988
2.80693,0.0929988,0,0.0929988
2.80993,0,0.0959915,0.0959915
2.81193,0.0959915,0,0.0959915
2.81393,0,0.0929933,0.0929933
2.81693,0.0929933,0,0.0929933
2.81993,0,0.0969974,0.0969974
2.82093,0.0969974,0,0.0969974
2.82393,0,0.0949972,0.0949972
2.82793,0.0949972,0,0.0949972
2.83293,0,0.0999967,0.0999967
2.83493,0.0999967,0,0.0999967
2.83793,0,0.101999,0.101999
2.84093,0.101999,0,0.101999
2.84093,0,0.101997,0.101997
2.84293,0.101997,0,0.101997
2.84393,0,0.101994,0.101994
2.84793,0.101994,0,0.101994
2.84993,0,0.0639964,0.0639964
2.85193,0.0639964,0,0.0639964
2.85393,0,0.0659937,0.0659937
2.86193,0.0659937,0,0.0659937
2.86893,0,0.0570001,0.0570001
2.86994,0.0570001,0,0.0570001
2.87094,0,0.0500044,0.0500044
2.87294,0.0500044,0,0.0500044
2.87993,0,0.0419969,0.0419969
2.88093,0.0419969,0,0.0419969
2.89093,0,0.0419995,0.0419995
2.89393,0.0419995,0,0.0419995
2.89493,0,0.0429985,0.0429985
2.89793,0.0429985,0,0.0429985
2.90093,0,0.0419998,0.0419998
2.90594,0.0419998,0,0.0419998
2.90794,0,0.0429972,0.0429972
2.90894,0.0429972,0,0.0429972
2.90994,0,0.0420017,0.0420017
2.91093,0.0420017,0,0.0420017
2.91194,0,0.042002,0.042002
2.91294,0.042002,0,0.042002
2.91394,0,0.0429974,0.0429974
2.91493,0.0429974,0,0.0429974
2.91494,0,0.0420006,0.0420006
2.91594,0.0420006,0,0.0420006
2.91793,0,0.0449918,0.0449918
2.91893,0.0449918,0,0.0449918
2.91894,0,0.0449968,0.0449968
2.92193,0.0449968,0,0.0449968
2.92594,0,0.0420066,0.0420066
2.92993,0.0420066,0,0.0420066
2.93293,0,0.0420007,0.0420007
2.93493,0.0420007,0,0.0420007
2.93793,0,0.0429981,0.0429981
2.94293,0.0429981,0,0.0429981
2.94294,0,0.0420015,0.0420015
3.03793,0.0420015,0,0.0420015
3.03993,0,0.131995,0.131995
3.04193,0.131995,0,0.131995
3.04493,0,0.135994,0.135994
3.04693,0.135994,0,0.135994
3.04893,0,0.138996,0.138996
3.05093,0.138996,0,0.138996
3.05493,0,0.142995,0.142995
3.05693,0.142995,0,0.142995
3.05893,0,0.146991,0.146991
3.06293,0.146991,0,0.146991
3.16393,0,0.250992,0.250992
3.16493,0.250992,0,0.250992
3.16494,0,0.249999,0.249999
3.16793,0.249999,0,0.249999
3.16794,0,0.247006,0.247006
3.16894,0.247006,0,0.247006
3.17094,0,0.248001,0.248001
3.17194,0.248001,0,0.248001
3.17293,0,0.246993,0.246993
3.17393,0.246993,0,0.246993
3.17393,0,0.244,0.244
3.17494,0.244,0,0.244
3.17593,0,0.242999,0.242999
3.17694,0.242999,0,0.242999
3.17794,0,0.237997,0.237997
3.17893,0.237997,0,0.237997
3.17894,0,0.236008,0.236008
3.17994,0.236008,0,0.236008
3.18094,0,0.19498,0.19498
3.18193,0.19498,0,0.19498
3.18294,0,0.143004,0.143004
3.18394,0.143004,0,0.143004
3.18593,0,0.136999,0.136999
3.19093,0.136999,0,0.136999
3.20693,0,0.0419951,0.0419951
3.20793,0.0419951,0,0.0419951
3.21493,0,0.0469994,0.0469994
3.21694,0.0469994,0,0.0469994
3.21894,0,0.0480027,0.0480027
3.21993,0.0480027,0,0.0480027
3.22093,0,0.0499966,0.0499966
3.22193,0.0499966,0,0.0499966
3.22293,0,0.0509979,0.0509979
3.22693,0.0509979,0,0.0509979
3.22893,0,0.0539961,0.0539961
3.23193,0.0539961,0,0.0539961
3.23793,0,0.0609918,0.0609918
3.23993,0.0609918,0,0.0609918
3.24493,0,0.065993,0.065993
3.24993,0.065993,0,0.065993
3.25393,0,0.0719957,0.0719957
3.25693,0.0719957,0,0.0719957
3.25893,0,0.0759965,0.0759965
3.26193,0.0759965,0,0.0759965
3.26693,0,0.0819944,0.0819944
3.26993,0.0819944,0,0.0819944
3.27193,0,0.0849925,0.0849925
3.27393,0.0849925,0,0.0849925
3.28193,0,0.0909981,0.0909981
3.28493,0.0909981,0,0.0909981
3.28893,0,0.0750021,0.0750021
3.29393,0.0750021,0,0.0750021
3.29693,0,0.0799944,0.0799944
3.29893,0.0799944,0,0.0799944
3.30093,0,0.0819948,0.0819948
3.30193,0.0819948,0,0.0819948
3.30794,0,0.0790048,0.0790048
3.30894,0.0790048,0,0.0790048
3.31893,0,0.0419961,0.0419961
3.32294,0.0419961,0,0.0419961
3.33193,0,0.0429973,0.0429973
3.33793,0.0429973,0,0.0429973
3.34693,0,0.0419974,0.0419974
3.34694,0.0419974,0,0.0419974
3.34794,0,0.0429942,0.0429942
3.34894,0.0429942,0,0.0429942
3.34993,0,0.0429939,0.0429939
3.35094,0.0429939,0,0.0429939
3.35193,0,0.0430028,0.0430028
3.35194,0.0430028,0,0.0430028
3.35294,0,0.0430071,0.0430071
3.35394,0.0430071,0,0.0430071
3.35493,0,0.0449849,0.0449849
3.35494,0.0449849,0,0.0449849
3.35693,0,0.0459936,0.0459936
3.35893,0.0459936,0,0.0459936
3.35993,0,0.0479864,0.0479864
3.35994,0.0479864,0,0.0479864
3.36094,0,0.0470061,0.0470061
3.36193,0.0470061,0,0.0470061
3.36194,0,0.0480011,0.0480011
3.36693,0.0480011,0,0.0480011
3.36794,0,0.043,0.043
3.36894,0.043,0,0.043
3.37993,0,0.042,0.042
3.37994,0.042,0,0.042
3.38094,0,0.0420021,0.0420021
3.38293,0.0420021,0,0.0420021
3.42493,0,0.0819954,0.0819954
3.42494,0.0819954,0,0.0819954
3.42594,0,0.0789944,0.0789944
3.42694,0.0789944,0,0.0789944
3.42895,0,0.0770051,0.0770051
3.42994,0.0770051,0,0.0770051
3.42994,0,0.0769988,0.0769988
3.43093,0.0769988,0,0.0769988
3.43193,0,0.077,0.077
3.43194,0.077,0,0.077
3.43294,0,0.0740066,0.0740066
3.43393,0.0740066,0,0.0740066
3.43394,0,0.0740096,0.0740096
3.43593,0.0740096,0,0.0740096
3.43594,0,0.0750027,0.0750027
3.43693,0.0750027,0,0.0750027
3.43793,0,0.0759913,0.0759913
3.43794,0.0759913,0,0.0759913
3.43893,0,0.0759874,0.0759874
3.43894,0.0759874,0,0.0759874
3.43993,0,0.0729967,0.0729967
3.43994,0.0729967,0,0.0729967
3.44093,0,0.0719967,0.0719967
3.44094,0.0719967,0,0.0719967
3.44194,0,0.0620063,0.0620063
3.44293,0.0620063,0,0.0620063
3.44294,0,0.0619985,0.0619985
3.44393,0.0619985,0,0.0619985
3.44394,0,0.0610037,0.0610037
3.45993,0.0610037,0,0.0610037
3.58493,0,0.158997,0.158997
3.58693,0.158997,0,0.158997
3.58893,0,0.161994,0.161994
3.59093,0.161994,0,0.161994
3.59293,0,0.16499,0.16499
3.59493,0.16499,0,0.16499
3.59793,0,0.16999,0.16999
3.60393,0.16999,0,0.16999
3.60793,0,0.178995,0.178995
3.61093,0.178995,0,0.178995
3.61593,0,0.186985,0.186985
3.61893,0.186985,0,0.186985
3.62293,0,0.193985,0.193985
3.66493,0.193985,0,0.193985
3.66793,0,0.236999,0.236999
3.67193,0.236999,0,0.236999
3.67593,0,0.24299,0.24299
3.67693,0.24299,0,0.24299
3.67993,0,0.245991,0.245991
3.68193,0.245991,0,0.245991
3.68493,0,0.24899,0.24899
3.68993,0.24899,0,0.24899
3.69293,0,0.253987,0.253987
3.69593,0.253987,0,0.253987
3.69893,0,0.257989,0.257989
3.70093,0.257989,0,0.257989
3.70293,0,0.260995,0.260995
3.74493,0.260995,0,0.260995
3.74494,0,0.302996,0.302996
3.74694,0.302996,0,0.302996
3.74794,0,0.304997,0.304997
3.74993,0.304997,0,0.304997
3.75393,0,0.27699,0.27699
3.75394,0.27699,0,0.27699
3.76093,0,0.157003,0.157003
3.76693,0.157003,0,0.157003
3.76793,0,0.0999988,0.0999988
3.76893,0.0999988,0,0.0999988
3.76993,0,0.0980015,0.0980015
3.77094,0.0980015,0,0.0980015
3.77493,0,0.0949978,0.0949978
3.77593,0.0949978,0,0.0949978
3.82793,0,0.131999,0.131999
3.83893,0.131999,0,0.131999
3.84393,0,0.0969952,0.0969952
3.84793,0.0969952,0,0.0969952
3.85393,0,0.105996,0.105996
3.90593,0.105996,0,0.105996
3.90693,0,0.150995,0.150995
3.90894,0.150995,0,0.150995
3.91293,0,0.151999,0.151999
3.91394,0.151999,0,0.151999
3.91693,0,0.153997,0.153997
3.91793,0.153997,0,0.153997
3.92093,0,0.155994,0.155994
3.92494,0.155994,0,0.155994
3.92593,0,0.154997,0.154997
3.92893,0.154997,0,0.154997
3.93094,0,0.153999,0.153999
3.93593,0.153999,0,0.153999
3.93893,0,0.134982,0.134982
3.93993,0.134982,0,0.134982
3.94393,0,0.11,0.11
4.12293,0.11,0,0.11
4.12393,0,0.214999,0.214999
4.12593,0.214999,0,0.214999
4.12993,0,0.216999,0.216999
4.13193,0.216999,0,0.216999
4.13393,0,0.213999,0.213999
4.13493,0.213999,0,0.213999
4.13993,0,0.215997,0.215997
4.14194,0.215997,0,0.215997
4.14693,0,0.216996,0.216996
4.14893,0.216996,0,0.216996
4.15293,0,0.216998,0.216998
4.15594,0.216998,0,0.216998
4.15694,0,0.217002,0.217002
4.15993,0.217002,0,0.217002
4.16193,0,0.196,0.196
4.16293,0.196,0,0.196
4.16593,0,0.0899763,0.0899763
4.16993,0.0899763,0,0.0899763
4.17493,0,0.0519974,0.0519974
4.17594,0.0519974,0,0.0519974
4.17693,0,0.0489987,0.0489987
4.18093,0.0489987,0,0.0489987
4.18693,0,0.0489967,0.0489967
4.18893,0.0489967,0,0.0489967
4.19293,0,0.046,0.046
4.22193,0.046,0,0.046
4.22493,0,0.0429941,0.0429941
4.22893,0.0429941,0,0.0429941
4.23293,0,0.0419968,0.0419968
4.26593,0.0419968,0,0.0419968
4.26793,0,0.0570012,0.0570012
4.26993,0.0570012,0,0.0570012
4.27193,0,0.0600012,0.0600012
4.27493,0.0600012,0,0.0600012
4.27693,0,0.0620024,0.0620024
4.27893,0.0620024,0,0.0620024
4.28993,0,0.0680013,0.0680013
4.29893,0.0680013,0,0.0680013
4.30193,0,0.066,0.066
4.34694,0.066,0,0.066
4.34794,0,0.0630074,0.0630074
4.34894,0.0630074,0,0.0630074
4.34994,0,0.0650028,0.0650028
4.35193,0.0650028,0,0.0650028
4.35293,0,0.0630011,0.0630011
4.35393,0.0630011,0,0.0630011
4.35593,0,0.0639994,0.0639994
4.35594,0.0639994,0,0.0639994
4.35793,0,0.0620026,0.0620026
4.35893,0.0620026,0,0.0620026
4.36094,0,0.061002,0.061002
4.36194,0.061002,0,0.061002
4.36294,0,0.0610075,0.0610075
4.42493,0.0610075,0,0.0610075
4.42494,0,0.079999,0.079999
4.42594,0.079999,0,0.079999
4.43194,0,0.0850044,0.0850044
4.45194,0.0850044,0,0.0850044
4.46493,0,0.116997,0.116997
4.46594,0.116997,0,0.116997
4.47093,0,0.118996,0.118996
4.47793,0.118996,0,0.118996
4.58793,0,0.114998,0.114998
4.58793,0.114998,0,0.114998
4.58893,0,0.114996,0.114996
4.59293,0.114996,0,0.114996
4.59393,0,0.083,0.083
4.59493,0.083,0,0.083
4.74593,0,0.157999,0.157999
4.74793,0.157999,0,0.157999
4.74993,0,0.162,0.162
4.75593,0.162,0,0.162
4.75893,0,0.170003,0.170003
4.76193,0.170003,0,0.170003
4.76393,0,0.175,0.175
4.76593,0.175,0,0.175
4.77093,0,0.175998,0.175998
4.94693,0.175998,0,0.175998
4.95193,0,0.175998,0.175998
4.95194,0.175998,0,0.175998
5.00293,0,0.0559974,0.0559974
5.00593,0.0559974,0,0.0559974
5.00893,0,0.0619967,0.0619967
5.01093,0.0619967,0,0.0619967
5.01493,0,0.0669948,0.0669948
5.01793,0.0669948,0,0.0669948
5.02093,0,0.0720006,0.0720006
5.02493,0.0720006,0,0.0720006
5.02494,0,0.0750089,0.0750089
5.02594,0.0750089,0,0.0750089
5.02693,0,0.0760025,0.0760025
5.02694,0.0760025,0,0.0760025
5.02794,0,0.0769978,0.0769978
5.02893,0.0769978,0,0.0769978
5.02993,0,0.0779924,0.0779924
5.03994,0.0779924,0,0.0779924
5.05293,0,0.0419989,0.0419989
5.05893,0.0419989,0,0.0419989
5.13993,0,0.0480026,0.0480026
5.15394,0.0480026,0,0.0480026
5.16494,0,0.0450039,0.0450039
5.16893,0.0450039,0,0.0450039
5.16993,0,0.0500027,0.0500027
5.18293,0.0500027,0,0.0500027
5.26495,0,0.100013,0.100013
5.26594,0.100013,0,0.100013
5.26793,0,0.087,0.087
5.26795,0.087,0,0.087
5.38493,0,0.119983,0.119983
5.38993,0.119983,0,0.119983
5.39493,0,0.127002,0.127002
5.39793,0.127002,0,0.127002
5.39993,0,0.131987,0.131987
5.40293,0.131987,0,0.131987
5.40893,0,0.127,0.127
5.40993,0.127,0,0.127
5.54594,0,0.151006,0.151006
5.54693,0.151006,0,0.151006
5.54793,0,0.150001,0.150001
5.54893,0.150001,0,0.150001
5.54894,0,0.146006,0.146006
5.54994,0.146006,0,0.146006
5.55093,0,0.121001,0.121001
5.70493,0.121001,0,0.121001
5.70793,0,0.161992,0.161992
5.70993,0.161992,0,0.161992
5.71793,0,0.169999,0.169999
5.72093,0.169999,0,0.169999
5.72393,0,0.174987,0.174987
5.72793,0.174987,0,0.174987
5.73893,0,0.0669711,0.0669711
5.79093,0.0669711,0,0.0669711
5.79493,0,0.0740014,0.0740014
5.80593,0.0740014,0,0.0740014
5.86593,0,0.075,0.075
5.86594,0.075,0,0.075
5.86694,0,0.0720034,0.0720034
5.86695,0.0720034,0,0.0720034
5.86794,0,0.0690103,0.0690103
5.86895,0.0690103,0,0.0690103
5.86995,0,0.0440187,0.0440187
5.94493,0.0440187,0,0.0440187
5.94694,0,0.0809975,0.0809975
5.94894,0.0809975,0,0.0809975
5.95093,0,0.0839933,0.0839933
5.95194,0.0839933,0,0.0839933
5.95393,0,0.0859913,0.0859913
5.95593,0.0859913,0,0.0859913
5.95693,0,0.0889899,0.0889899
5.95893,0.0889899,0,0.0889899
5.95994,0,0.0909929,0.0909929
5.96294,0.0909929,0,0.0909929
5.96493,0,0.0949828,0.0949828
5.96694,0.0949828,0,0.0949828
5.99193,0,0.0449955,0.0449955
5.99694,0.0449955,0,0.0449955
6.00093,0,0.0419972,0.0419972
6.00193,0.0419972,0,0.0419972
6.00593,0,0.0429941,0.0429941
6.06594,0.0429941,0,0.0429941
6.06793,0,0.0620028,0.0620028
6.07093,0.0620028,0,0.0620028
6.12393,0,0.0719979,0.0719979
6.13093,0.0719979,0,0.0719979
6.18593,0,0.104999,0.104999
6.18694,0.104999,0,0.104999
6.18794,0,0.0570042,0.0570042
6.26493,0.0570042,0,0.0570042
6.26593,0,0.0799973,0.0799973
6.27093,0.0799973,0,0.0799973
6.27593,0,0.0879958,0.0879958
6.27993,0.0879958,0,0.0879958
6.29793,0,0.0509795,0.0509795
6.31394,0.0509795,0,0.0509795
6.31693,0,0.0509967,0.0509967
6.31893,0.0509967,0,0.0509967
6.32093,0,0.0499994,0.0499994
6.32293,0.0499994,0,0.0499994
6.32593,0,0.0549994,0.0549994
6.33794,0.0549994,0,0.0549994
6.36294,0,0.049,0.049
6.36593,0.049,0,0.049
6.37994,0,0.0419993,0.0419993
6.41293,0.0419993,0,0.0419993
6.41793,0,0.0519954,0.0519954
6.48494,0.0519954,0,0.0519954
6.54493,0,0.164999,0.164999
6.54693,0.164999,0,0.164999
6.54793,0,0.135001,0.135001
6.55693,0.135001,0,0.135001
6.62593,0,0.0779992,0.0779992
6.63793,0.0779992,0,0.0779992
6.63993,0,0.0809962,0.0809962
6.64193,0.0809962,0,0.0809962
6.64494,0,0.0840007,0.0840007
6.67994,0.0840007,0,0.0840007
6.68193,0,0.043998,0.043998
6.68293,0.043998,0,0.043998
6.68693,0,0.0419954,0.0419954
6.68793,0.0419954,0,0.0419954
6.69093,0,0.0419954,0.0419954
6.69193,0.0419954,0,0.0419954
6.74494,0,0.0659994,0.0659994
6.74594,0.0659994,0,0.0659994
6.74694,0,0.0669997,0.0669997
6.74794,0.0669997,0,0.0669997
6.82493,0,0.0779944,0.0779944
6.82593,0.0779944,0,0.0779944
6.88793,0,0.0620006,0.0620006
6.98493,0.0620006,0,0.0620006
6.98893,0,0.161998,0.161998
6.99193,0.161998,0,0.161998
6.99693,0,0.167001,0.167001
7.01793,0.167001,0,0.167001
7.10695,0,0.107013,0.107013
7.10695,0.107013,0,0.107013
7.10795,0,0.0800168,0.0800168
7.10795,0.0800168,0,0.0800168
7.18693,0,0.0809934,0.0809934
7.19093,0.0809934,0,0.0809934
7.19393,0,0.0869967,0.0869967
7.19593,0.0869967,0,0.0869967
7.20193,0,0.0939864,0.0939864
7.20493,0.0939864,0,0.0939864
7.26493,0,0.0689998,0.0689998
7.26593,0.0689998,0,0.0689998
7.26893,0,0.0679981,0.0679981
7.27193,0.0679981,0,0.0679981
7.27893,0,0.0689967,0.0689967
7.28394,0.0689967,0,0.0689967
7.28793,0,0.0509981,0.0509981
7.31393,0.0509981,0,0.0509981
7.31793,0,0.0459981,0.0459981
7.32593,0.0459981,0,0.0459981
7.32993,0,0.0469967,0.0469967
7.36694,0.0469967,0,0.0469967
7.37794,0,0.0420033,0.0420033
7.37894,0.0420033,0,0.0420033
7.38094,0,0.0420039,0.0420039
7.40294,0.0420039,0,0.0420039
7.40493,0,0.0439929,0.0439929
7.40994,0.0439929,0,0.0439929
7.41093,0,0.0439954,0.0439954
7.41293,0.0439954,0,0.0439954
7.41593,0,0.0469974,0.0469974
7.41994,0.0469974,0,0.0469974
7.42293,0,0.0449961,0.0449961
7.46494,0.0449961,0,0.0449961
7.46893,0,0.0659947,0.0659947
7.47293,0.0659947,0,0.0659947
7.47593,0,0.0600014,0.0600014
7.47694,0.0600014,0,0.0600014
7.47994,0,0.0600014,0.0600014
7.56394,0.0600014,0,0.0600014
7.56693,0,0.101995,0.101995
7.62493,0.101995,0,0.101995
7.62893,0,0.156995,0.156995
7.63793,0.156995,0,0.156995
7.63993,0,0.159995,0.159995
7.64693,0.159995,0,0.159995
7.65093,0,0.084,0.084
7.67093,0.084,0,0.084
7.68193,0,0.0529993,0.0529993
7.69793,0.0529993,0,0.0529993
7.70493,0,0.0609967,0.0609967
7.86594,0.0609967,0,0.0609967
7.94393,0,0.202974,0.202974
7.94393,0.202974,0,0.202974
8.02494,0,0.148992,0.148992
8.02495,0.148992,0,0.148992
8.02593,0,0.105999,0.105999
8.02594,0.105999,0,0.105999
8.02595,0,0.0820184,0.0820184
8.11093,0.0820184,0,0.0820184
8.11193,0,0.086982,0.086982
8.11294,0.086982,0,0.086982
8.11394,0,0.0879957,0.0879957
8.11594,0.0879957,0,0.0879957
8.11694,0,0.0899887,0.0899887
8.11794,0.0899887,0,0.0899887
8.15494,0,0.0419979,0.0419979
8.15694,0.0419979,0,0.0419979
8.15793,0,0.0419908,0.0419908
8.16193,0.0419908,0,0.0419908
8.16294,0,0.0469964,0.0469964
8.16593,0.0469964,0,0.0469964
8.16793,0,0.0499956,0.0499956
8.20293,0.0499956,0,0.0499956
8.20294,0,0.0480052,0.0480052
8.20394,0.0480052,0,0.0480052
8.20494,0,0.0430067,0.0430067
8.20794,0.0430067,0,0.0430067
8.20894,0,0.0430029,0.0430029
8.27494,0.0430029,0,0.0430029
8.27693,0,0.0739916,0.0739916
8.27993,0.0739916,0,0.0739916
8.28193,0,0.0769933,0.0769933
8.28394,0.0769933,0,0.0769933
8.28793,0,0.0799929,0.0799929
8.28993,0.0799929,0,0.0799929
8.29193,0,0.0839929,0.0839929
8.29593,0.0839929,0,0.0839929
8.34493,0,0.0859922,0.0859922
8.35193,0.0859922,0,0.0859922
8.35193,0,0.0679972,0.0679972
8.36093,0.0679972,0,0.0679972
8.39394,0,0.0460093,0.0460093
8.39395,0.0460093,0,0.0460093
8.40493,0,0.043998,0.043998
8.40593,0.043998,0,0.043998
8.40693,0,0.0459994,0.0459994
8.41494,0.0459994,0,0.0459994
8.50493,0,0.12599,0.12599
8.50693,0.12599,0,0.12599
8.50693,0,0.112984,0.112984
8.62693,0.112984,0,0.112984
8.62893,0,0.233986,0.233986
8.63093,0.233986,0,0.233986
8.63294,0,0.233002,0.233002
8.63693,0.233002,0,0.233002
8.63893,0,0.223991,0.223991
8.63994,0.223991,0,0.223991
8.64193,0,0.226991,0.226991
8.64493,0.226991,0,0.226991
8.64693,0,0.139998,0.139998
8.68093,0.139998,0,0.139998
8.68393,0,0.0510008,0.0510008
8.68793,0.0510008,0,0.0510008
8.69093,0,0.0569968,0.0569968
8.69693,0.0569968,0,0.0569968
8.69993,0,0.063,0.063
8.70993,0.063,0,0.063
8.71193,0,0.0679995,0.0679995
8.72793,0.0679995,0,0.0679995
8.73093,0,0.0429986,0.0429986
8.73393,0.0429986,0,0.0429986
8.74093,0,0.0439993,0.0439993
8.74293,0.0439993,0,0.0439993
8.78594,0,0.0760039,0.0760039
8.78594,0.0760039,0,0.0760039
8.78794,0,0.068006,0.068006
8.78993,0.068006,0,0.068006
8.78995,0,0.0620143,0.0620143
8.79094,0.0620143,0,0.0620143
8.79193,0,0.051,0.051
8.98494,0.051,0,0.051
8.98693,0,0.200996,0.200996
8.98794,0.200996,0,0.200996
8.99094,0,0.203994,0.203994
8.99393,0.203994,0,0.203994
8.99694,0,0.208998,0.208998
8.99893,0.208998,0,0.208998
9.00193,0,0.212991,0.212991
9.00493,0.212991,0,0.212991
9.00793,0,0.216991,0.216991
9.01493,0.216991,0,0.216991
9.01593,0,0.120975,0.120975
9.03294,0.120975,0,0.120975
9.03394,0,0.0429989,0.0429989
9.03893,0.0429989,0,0.0429989
9.03993,0,0.0429975,0.0429975
9.04093,0.0429975,0,0.0429975
9.10493,0,0.08899,0.08899
9.10493,0.08899,0,0.08899
9.10593,0,0.0769943,0.0769943
9.10694,0.0769943,0,0.0769943
9.10794,0,0.0749982,0.0749982
9.10993,0.0749982,0,0.0749982
9.11293,0,0.0709919,0.0709919
9.11394,0.0709919,0,0.0709919
9.11594,0,0.0660001,0.0660001
9.11694,0.0660001,0,0.0660001
9.11794,0,0.0639985,0.0639985
9.11894,0.0639985,0,0.0639985
9.11994,0,0.0650024,0.0650024
9.17393,0.0650024,0,0.0650024
9.17593,0,0.0649947,0.0649947
9.17794,0.0649947,0,0.0649947
9.18794,0,0.0719968,0.0719968
9.18993,0.0719968,0,0.0719968
9.19094,0,0.074997,0.074997
9.19393,0.074997,0,0.074997
9.19593,0,0.0779963,0.0779963
9.19693,0.0779963,0,0.0779963
9.19793,0,0.077993,0.077993
9.19793,0.077993,0,0.077993
9.21494,0,0.0419943,0.0419943
9.26693,0.0419943,0,0.0419943
9.38493,0,0.119997,0.119997
9.38493,0.119997,0,0.119997
9.43394,0,0.0490111,0.0490111
9.43593,0.0490111,0,0.0490111
9.43794,0,0.0500021,0.0500021
9.50493,0.0500021,0,0.0500021
9.50593,0,0.0719876,0.0719876
9.50793,0.0719876,0,0.0719876
9.50994,0,0.0719993,0.0719993
9.51194,0.0719993,0,0.0719993
9.62995,0,0.122014,0.122014
9.63094,0.122014,0,0.122014
9.63194,0,0.122999,0.122999
9.63294,0.122999,0,0.122999
9.63394,0,0.124,0.124
9.63494,0.124,0,0.124
9.63594,0,0.124,0.124
9.63694,0.124,0,0.124
9.63794,0,0.115003,0.115003
9.63893,0.115003,0,0.115003
9.67193,0,0.0419855,0.0419855
9.67793,0.0419855,0,0.0419855
9.68393,0,0.0529923,0.0529923
9.68793,0.0529923,0,0.0529923
9.68993,0,0.0569926,0.0569926
9.70093,0.0569926,0,0.0569926
9.70493,0,0.046,0.046
9.74493,0.046,0,0.046
9.78094,0,0.0420039,0.0420039
9.82793,0.0420039,0,0.0420039
9.83393,0,0.077,0.077
9.83593,0.077,0,0.077
9.92593,0,0.098002,0.098002
9.92893,0.098002,0,0.098002
9.98593,0,0.152001,0.152001
9.98893,0.152001,0,0.152001
9.99193,0,0.157003,0.157003
9.99793,0.157003,0,0.157003
10.0019,0,0.0600012,0.0600012
10.0339,0.0600012,0,0.0600012
10.1859,0,0.140995,0.140995
10.5069,0.140995,0,0.140995
10.5569,0,0.0499955,0.0499955
10.5599,0.0499955,0,0.0499955
10.5619,0,0.0549962,0.0549962
10.5719,0.0549962,0,0.0549962
10.6249,0,0.0680078,0.0680078
10.6259,0.0680078,0,0.0680078
10.6409,0,0.0500039,0.0500039
10.7239,0.0500039,0,0.0500039
10.7739,0,0.146998,0.146998
10.7759,0.146998,0,0.146998
10.8679,0,0.226996,0.226996
10.8689,0.226996,0,0.226996
10.8719,0,0.180983,0.180983
10.8739,0.180983,0,0.180983
10.8759,0,0.101998,0.101998
10.8769,0.101998,0,0.101998
10.8789,0,0.103004,0.103004
11.1449,0.103004,0,0.103004
11.1449,0,0.139006,0.139006
11.2249,0.139006,0,0.139006
11.2249,0,0.0800052,0.0800052
11.3259,0.0800052,0,0.0800052
11.3309,0,0.0539961,0.0539961
11.3329,0.0539961,0,0.0539961
11.4249,0,0.128974,0.128974
11.4259,0.128974,0,0.128974
11.4279,0,0.0950045,0.0950045
11.4289,0.0950045,0,0.0950045
11.5059,0,0.0780039,0.0780039
11.5069,0.0780039,0,0.0780039
11.5689,0,0.0519958,0.0519958
11.7509,0.0519958,0,0.0519958
11.8439,0,0.0950048,0.0950048
11.8939,0.0950048,0,0.0950048
11.8989,0,0.0539974,0.0539974
11.9009,0.0539974,0,0.0539974
11.9049,0,0.0589967,0.0589967
11.9479,0.0589967,0,0.0589967
11.9489,0,0.043998,0.043998
11.9549,0.043998,0,0.043998
11.9609,0,0.0549919,0.0549919
12.0249,0.0549919,0,0.0549919
12.0289,0,0.0849987,0.0849987
12.0339,0.0849987,0,0.0849987
12.0839,0,0.0550053,0.0550053
12.0849,0.0550053,0,0.0550053
12.0849,0,0.0510014,0.0510014
12.1469,0.0510014,0,0.0510014
12.1489,0,0.0859856,0.0859856
12.2379,0.0859856,0,0.0859856
12.3089,0,0.0869987,0.0869987
12.3099,0.0869987,0,0.0869987
12.3129,0,0.0749993,0.0749993
12.3179,0.0749993,0,0.0749993
12.4759,0,0.166003,0.166003
12.4769,0.166003,0,0.166003
12.4789,0,0.140992,0.140992
12.5239,0.140992,0,0.140992
12.5249,0,0.0489984,0.0489984
12.5269,0.0489984,0,0.0489984
12.5289,0,0.0519946,0.0519946
12.5319,0.0519946,0,0.0519946
12.5329,0,0.0539935,0.0539935
12.6029,0.0539935,0,0.0539935
12.6059,0,0.0769962,0.0769962
12.6119,0.0769962,0,0.0769962
12.6169,0,0.0839986,0.0839986
12.6539,0.0839986,0,0.0839986
12.6559,0,0.0499986,0.0499986
12.6629,0.0499986,0,0.0499986
12.6979,0,0.0440034,0.0440034
12.6999,0.0440034,0,0.0440034
12.7029,0,0.047,0.047
12.7049,0.047,0,0.047
12.7109,0,0.0439947,0.0439947
12.7379,0.0439947,0,0.0439947
12.7399,0,0.0420006,0.0420006
12.9059,0.0420006,0,0.0420006
12.9549,0,0.0889973,0.0889973
12.9549,0.0889973,0,0.0889973
12.9549,0,0.0880014,0.0880014
13.0249,0.0880014,0,0.0880014
13.0259,0,0.071003,0.071003
13.0269,0.071003,0,0.071003
13.0749,0,0.0499951,0.0499951
13.0759,0.0499951,0,0.0499951
13.0779,0,0.0529915,0.0529915
13.0799,0.0529915,0,0.0529915
13.0809,0,0.0529915,0.0529915
13.0819,0.0529915,0,0.0529915
13.1479,0,0.119989,0.119989
13.1599,0.119989,0,0.119989
13.1629,0,0.0809972,0.0809972
13.1689,0.0809972,0,0.0809972
13.2019,0,0.0420046,0.0420046
13.2049,0.0420046,0,0.0420046
13.2649,0,0.0860045,0.0860045
13.2659,0.0860045,0,0.0860045
13.2669,0,0.0659957,0.0659957
13.2679,0.0659957,0,0.0659957
13.2689,0,0.067001,0.067001
13.2709,0.067001,0,0.067001
13.2869,0,0.056985,0.056985
13.3139,0.056985,0,0.056985
13.3149,0,0.0499929,0.0499929
13.3159,0.0499929,0,0.0499929
13.3179,0,0.0490037,0.0490037
13.5249,0.0490037,0,0.0490037
13.5459,0,0.229992,0.229992
13.5459,0.229992,0,0.229992
13.5469,0,0.229002,0.229002
13.5479,0.229002,0,0.229002
13.5489,0,0.229993,0.229993
13.5499,0.229993,0,0.229993
13.5499,0,0.216001,0.216001
13.5509,0.216001,0,0.216001
13.5539,0,0.170963,0.170963
13.5539,0.170963,0,0.170963
13.5669,0,0.0420039,0.0420039
13.5959,0.0420039,0,0.0420039
13.5979,0,0.0509905,0.0509905
13.5999,0.0509905,0,0.0509905
13.6059,0,0.0559903,0.0559903
13.6079,0.0559903,0,0.0559903
13.6099,0,0.0559946,0.0559946
13.6119,0.0559946,0,0.0559946
13.6479,0,0.0499993,0.0499993
13.6549,0.0499993,0,0.0499993
13.6589,0,0.049002,0.049002
13.6689,0.049002,0,0.049002
13.6999,0,0.0450039,0.0450039
13.7849,0.0450039,0,0.0450039
13.7859,0,0.116995,0.116995
13.786,0.116995,0,0.116995
13.787,0,0.0890143,0.0890143
13.7879,0.0890143,0,0.0890143
13.7889,0,0.0889969,0.0889969
13.7889,0.0889969,0,0.0889969
13.7899,0,0.0870121,0.0870121
13.8059,0.0870121,0,0.0870121
13.8339,0,0.0489901,0.0489901
13.8349,0.0489901,0,0.0489901
13.8379,0,0.0519857,0.0519857
13.8389,0.0519857,0,0.0519857
13.8419,0,0.0549877,0.0549877
13.8449,0.0549877,0,0.0549877
13.8469,0,0.0589871,0.0589871
13.8479,0.0589871,0,0.0589871
13.8509,0,0.0619875,0.0619875
13.8519,0.0619875,0,0.0619875
13.8549,0,0.0649873,0.0649873
13.8579,0.0649873,0,0.0649873
13.8679,0,0.0420039,0.0420039
13.8829,0.0420039,0,0.0420039
13.8829,0,0.0450081,0.0450081
13.8889,0.0450081,0,0.0450081
13.8899,0,0.0479987,0.0479987
13.8999,0.0479987,0,0.0479987
14.0249,0,0.156997,0.156997
14.0279,0.156997,0,0.156997
14.0319,0,0.148992,0.148992
14.0429,0.148992,0,0.148992
14.0509,0,0.159995,0.159995
14.0579,0.159995,0,0.159995
14.0629,0,0.170994,0.170994
14.0679,0.170994,0,0.170994
14.0699,0,0.17699,0.17699
14.0729,0.17699,0,0.17699
14.0749,0,0.180999,0.180999
14.0799,0.180999,0,0.180999
14.0859,0,0.17499,0.17499
14.0969,0.17499,0,0.17499
14.1639,0,0.106002,0.106002
14.1639,0.106002,0,0.106002
14.1679,0,0.0710068,0.0710068
14.1689,0.0710068,0,0.0710068
14.1699,0,0.0729987,0.0729987
14.1699,0.0729987,0,0.0729987
14.2249,0,0.100981,0.100981
14.2249,0.100981,0,0.100981
14.2289,0,0.063994,0.063994
14.2319,0.063994,0,0.063994
14.2369,0,0.07099,0.07099
14.2399,0.07099,0,0.07099
14.2439,0,0.0759947,0.0759947
14.2479,0.0759947,0,0.0759947
14.2509,0,0.0809935,0.0809935
14.2549,0.0809935,0,0.0809935
14.2569,0,0.084989,0.084989
14.2599,0.084989,0,0.084989
14.2619,0,0.0899876,0.0899876
14.2679,0.0899876,0,0.0899876
14.2709,0,0.041998,0.041998
14.2729,0.041998,0,0.041998
14.2819,0,0.041995,0.041995
14.2849,0.041995,0,0.041995
14.2909,0,0.047,0.047
14.3019,0.047,0,0.047
14.3549,0,0.104007,0.104007
14.3579,0.104007,0,0.104007
14.6329,0,0.366999,0.366999
14.6389,0.366999,0,0.366999
14.6479,0,0.378997,0.378997
14.6559,0.378997,0,0.378997
14.7149,0,0.434006,0.434006
14.7899,0.434006,0,0.434006
14.7909,0,0.477006,0.477006
14.7919,0.477006,0,0.477006
14.7939,0,0.16101,0.16101
14.7949,0.16101,0,0.16101
14.7969,0,0.149007,0.149007
14.7979,0.149007,0,0.149007
14.7989,0,0.135002,0.135002
14.8349,0.135002,0,0.135002
14.8659,0,0.07899,0.07899
14.8679,0.07899,0,0.07899
14.8699,0,0.0799929,0.0799929
14.8719,0.0799929,0,0.0799929
14.8729,0,0.0819983,0.0819983
14.8759,0.0819983,0,0.0819983
14.8779,0,0.0859979,0.0859979
14.8809,0.0859979,0,0.0859979
14.8819,0,0.0879929,0.0879929
14.8859,0.0879929,0,0.0879929
14.8879,0,0.0909922,0.0909922
14.8889,0.0909922,0,0.0909922
14.8909,0,0.0929967,0.0929967
14.8919,0.0929967,0,0.0929967
14.8959,0,0.0960007,0.0960007
14.8989,0.0960007,0,0.0960007
14.8999,0,0.0430012,0.0430012
14.9849,0.0430012,0,0.0430012
15.1049,0,0.236997,0.236997
15.1069,0.236997,0,0.236997
15.1069,0,0.229006,0.229006
15.1079,0.229006,0,0.229006
15.1089,0,0.227009,0.227009
15.1109,0.227009,0,0.227009
15.1119,0,0.22101,0.22101
15.1129,0.22101,0,0.22101
15.1139,0,0.220003,0.220003
15.1159,0.220003,0,0.220003
15.1169,0,0.218997,0.218997
15.1179,0.218997,0,0.218997
15.1189,0,0.175981,0.175981
15.1199,0.175981,0,0.175981
15.1199,0,0.113977,0.113977
15.1539,0.113977,0,0.113977
15.2649,0,0.15899,0.15899
15.2659,0.15899,0,0.15899
15.2669,0,0.159994,0.159994
15.2679,0.159994,0,0.159994
15.2689,0,0.159997,0.159997
15.2699,0.159997,0,0.159997
15.2729,0,0.160993,0.160993
15.2739,0.160993,0,0.160993
15.2759,0,0.162996,0.162996
15.2769,0.162996,0,0.162996
15.2779,0,0.163993,0.163993
15.2789,0.163993,0,0.163993
15.2799,0,0.163995,0.163995
15.2829,0.163995,0,0.163995
15.2839,0,0.163999,0.163999
15.2859,0.163999,0,0.163999
15.3079,0,0.0419926,0.0419926
15.3099,0.0419926,0,0.0419926
15.3109,0,0.0419956,0.0419956
15.3159,0.0419956,0,0.0419956
15.3189,0,0.0430073,0.0430073
15.3209,0.0430073,0,0.0430073
15.3239,0,0.041998,0.041998
15.3259,0.041998,0,0.041998
15.3279,0,0.0439975,0.0439975
15.3299,0.0439975,0,0.0439975
15.3309,0,0.0449915,0.0449915
15.3529,0.0449915,0,0.0449915
15.3539,0,0.0419954,0.0419954
15.4279,0.0419954,0,0.0419954
15.4409,0,0.069,0.069
15.4769,0.069,0,0.069
15.4779,0,0.0500145,0.0500145
15.4789,0.0500145,0,0.0500145
15.4809,0,0.0429986,0.0429986
15.5269,0.0429986,0,0.0429986
15.5279,0,0.0509989,0.0509989
15.5289,0.0509989,0,0.0509989
15.5309,0,0.0519948,0.0519948
15.5329,0.0519948,0,0.0519948
15.5339,0,0.053007,0.053007
15.5859,0.053007,0,0.053007
15.5869,0,0.0599974,0.0599974
15.5879,0.0599974,0,0.0599974
15.5889,0,0.0599996,0.0599996
15.5909,0.0599996,0,0.0599996
15.5919,0,0.0609955,0.0609955
15.5929,0.0609955,0,0.0609955
15.5939,0,0.0609949,0.0609949
15.5949,0.0609949,0,0.0609949
15.5959,0,0.0629949,0.0629949
15.5969,0.0629949,0,0.0629949
15.5979,0,0.0639986,0.0639986
15.6059,0.0639986,0,0.0639986
15.6319,0,0.0440026,0.0440026
15.6329,0.0440026,0,0.0440026
15.6349,0,0.0459988,0.0459988
15.6399,0.0459988,0,0.0459988
15.6419,0,0.0449912,0.0449912
15.6429,0.0449912,0,0.0449912
15.6479,0,0.0420039,0.0420039
15.7079,0.0420039,0,0.0420039
15.7139,0,0.0819922,0.0819922
15.7179,0.0819922,0,0.0819922
15.7219,0,0.0889916,0.0889916
15.7289,0.0889916,0,0.0889916
15.7369,0,0.0939933,0.0939933
15.7399,0.0939933,0,0.0939933
15.7429,0,0.0949961,0.0949961
15.7589,0.0949961,0,0.0949961
15.7799,0,0.0509974,0.0509974
15.7849,0.0509974,0,0.0509974
15.8149,0,0.0530152,0.0530152
15.8269,0.0530152,0,0.0530152
15.8279,0,0.0430003,0.0430003
15.8289,0.0430003,0,0.0430003
15.8309,0,0.0449848,0.0449848
15.8449,0.0449848,0,0.0449848
15.8459,0,0.0479936,0.0479936
15.8469,0.0479936,0,0.0479936
15.8489,0,0.0500008,0.0500008
15.8499,0.0500008,0,0.0500008
15.8569,0,0.0419975,0.0419975
15.8589,0.0419975,0,0.0419975
15.8599,0,0.042,0.042
15.8609,0.042,0,0.042
15.8689,0,0.042996,0.042996
15.8749,0.042996,0,0.042996
15.8759,0,0.0489927,0.0489927
15.8759,0.0489927,0,0.0489927
15.8769,0,0.0479972,0.0479972
15.8799,0.0479972,0,0.0479972
15.8869,0,0.0419954,0.0419954
15.8869,0.0419954,0,0.0419954
15.8939,0,0.0430025,0.0430025
15.8989,0.0430025,0,0.0430025
15.9019,0,0.0419986,0.0419986
15.9109,0.0419986,0,0.0419986
15.9129,0,0.0439975,0.0439975
15.9199,0.0439975,0,0.0439975
15.9229,0,0.047,0.047
15.9259,0.047,0,0.047
15.9319,0,0.0449936,0.0449936
15.9359,0.0449936,0,0.0449936
15.9389,0,0.0490008,0.0490008
15.9429,0.0490008,0,0.0490008
15.9829,0,0.0889929,0.0889929
15.9859,0.0889929,0,0.0889929
15.9879,0,0.0889915,0.0889915
15.9899,0.0889915,0,0.0889915
15.9939,0,0.0929961,0.0929961
15.9969,0.0929961,0,0.0929961
15.9989,0,0.0959968,0.0959968
16.0059,0.0959968,0,0.0959968
16.0069,0,0.0809981,0.0809981
16.0089,0.0809981,0,0.0809981
16.0179,0,0.0750039,0.0750039
16.0199,0.0750039,0,0.0750039
16.1479,0,0.143001,0.143001
16.1499,0.143001,0,0.143001
16.1529,0,0.140999,0.140999
16.1569,0.140999,0,0.140999
16.1599,0,0.140001,0.140001
16.1619,0.140001,0,0.140001
16.1629,0,0.0649809,0.0649809
16.1959,0.0649809,0,0.0649809
16.2649,0,0.119994,0.119994
16.2659,0.119994,0,0.119994
16.2679,0,0.121992,0.121992
16.2679,0.121992,0,0.121992
16.2699,0,0.122997,0.122997
16.2709,0.122997,0,0.122997
16.2729,0,0.121004,0.121004
16.2749,0.121004,0,0.121004
16.2759,0,0.120998,0.120998
16.2779,0.120998,0,0.120998
16.2789,0,0.121997,0.121997
16.2809,0.121997,0,0.121997
16.2829,0,0.120994,0.120994
16.2839,0.120994,0,0.120994
16.2859,0,0.0899907,0.0899907
16.2859,0.0899907,0,0.0899907
16.3079,0,0.0419917,0.0419917
16.3119,0.0419917,0,0.0419917
16.3159,0,0.0449954,0.0449954
16.3199,0.0449954,0,0.0449954
16.3229,0,0.0509913,0.0509913
16.3259,0.0509913,0,0.0509913
16.3329,0,0.057994,0.057994
16.3439,0.057994,0,0.057994
16.3869,0,0.108995,0.108995
16.3919,0.108995,0,0.108995
16.3959,0,0.114992,0.114992
16.4019,0.114992,0,0.114992
16.4039,0,0.117992,0.117992
16.4179,0.117992,0,0.117992
16.4189,0,0.0929981,0.0929981
16.4219,0.0929981,0,0.0929981
16.4649,0,0.132002,0.132002
16.4649,0.132002,0,0.132002
16.4669,0,0.123005,0.123005
16.4679,0.123005,0,0.123005
16.4689,0,0.0770057,0.0770057
16.4729,0.0770057,0,0.0770057
16.4729,0,0.0600098,0.0600098
16.4739,0.0600098,0,0.0600098
16.4759,0,0.0630015,0.0630015
16.4769,0.0630015,0,0.0630015
16.4789,0,0.0569999,0.0569999
16.4789,0.0569999,0,0.0569999
16.4959,0,0.0420032,0.0420032
16.5139,0.0420032,0,0.0420032
16.5169,0,0.0509891,0.0509891
16.5209,0.0509891,0,0.0509891
16.5249,0,0.0569901,0.0569901
16.5279,0.0569901,0,0.0569901
16.5299,0,0.0619873,0.0619873
16.5339,0.0619873,0,0.0619873
16.5379,0,0.0669954,0.0669954
16.5409,0.0669954,0,0.0669954
16.5439,0,0.0719967,0.0719967
16.5859,0.0719967,0,0.0719967
16.5869,0,0.114992,0.114992
16.5889,0.114992,0,0.114992
16.5909,0,0.117992,0.117992
16.5969,0.117992,0,0.117992
16.5999,0,0.121,0.121
16.6009,0.121,0,0.121
16.6079,0,0.0830053,0.0830053
16.6129,0.0830053,0,0.0830053
16.6309,0,0.0419947,0.0419947
16.6329,0.0419947,0,0.0419947
16.6349,0,0.0419954,0.0419954
16.6399,0.0419954,0,0.0419954
16.6429,0,0.0430001,0.0430001
16.6449,0.0430001,0,0.0430001
16.6489,0,0.0450007,0.0450007
16.6519,0.0450007,0,0.0450007
16.6589,0,0.0479994,0.0479994
16.6609,0.0479994,0,0.0479994
16.6619,0,0.0490042,0.0490042
16.6639,0.0490042,0,0.0490042
16.7459,0,0.132995,0.132995
16.7499,0.132995,0,0.132995
16.7639,0,0.124995,0.124995
16.7669,0.124995,0,0.124995
16.7699,0,0.130997,0.130997
16.7739,0.130997,0,0.130997
16.7769,0,0.136995,0.136995
16.7809,0.136995,0,0.136995
16.7869,0,0.138997,0.138997
16.7909,0.138997,0,0.138997
16.7919,0,0.140002,0.140002
16.7939,0.140002,0,0.140002
16.7959,0,0.136999,0.136999
16.8009,0.136999,0,0.136999
16.8039,0,0.0459974,0.0459974
16.8089,0.0459974,0,0.0459974
16.8119,0,0.0420025,0.0420025
16.8229,0.0420025,0,0.0420025
16.8679,0,0.0819954,0.0819954
16.8709,0.0819954,0,0.0819954
16.8729,0,0.0829967,0.0829967
16.8759,0.0829967,0,0.0829967
16.8789,0,0.0830034,0.0830034
16.8809,0.0830034,0,0.0830034
16.8829,0,0.0839988,0.0839988
16.8859,0.0839988,0,0.0839988
16.8879,0,0.0869962,0.0869962
16.8889,0.0869962,0,0.0869962
16.8939,0,0.0889927,0.0889927
16.8969,0.0889927,0,0.0889927
16.8979,0,0.0909956,0.0909956
16.8999,0.0909956,0,0.0909956
16.9019,0,0.092998,0.092998
16.9029,0.092998,0,0.092998
16.9049,0,0.0819974,0.0819974
16.9079,0.0819974,0,0.0819974
16.9099,0,0.0419993,0.0419993
16.9109,0.0419993,0,0.0419993
16.9149,0,0.0420009,0.0420009
16.9179,0.0420009,0,0.0420009
16.9199,0,0.043994,0.043994
16.9209,0.043994,0,0.043994
16.9239,0,0.0449961,0.0449961
16.9259,0.0449961,0,0.0449961
16.9289,0,0.0479979,0.0479979
16.9299,0.0479979,0,0.0479979
16.9309,0,0.0450002,0.0450002
16.9339,0.0450002,0,0.0450002
16.9359,0,0.0429989,0.0429989
16.9389,0.0429989,0,0.0429989
16.9409,0,0.0440043,0.0440043
16.9439,0.0440043,0,0.0440043
17.0139,0,0.110998,0.110998
17.0269,0.110998,0,0.110998
17.0279,0,0.113012,0.113012
17.0309,0.113012,0,0.113012
17.0319,0,0.101009,0.101009
17.0329,0.101009,0,0.101009
17.0339,0,0.1,0.1
17.0359,0.1,0,0.1
17.0359,0,0.095003,0.095003
17.1049,0.095003,0,0.095003
17.1059,0,0.0800042,0.0800042
17.1079,0.0800042,0,0.0800042
17.1099,0,0.0819981,0.0819981
17.1099,0.0819981,0,0.0819981
17.1119,0,0.0830007,0.0830007
17.1129,0.0830007,0,0.0830007
17.1149,0,0.0850016,0.0850016
17.1169,0.0850016,0,0.0850016
17.1189,0,0.0879993,0.0879993
17.1209,0.0879993,0,0.0879993
17.1219,0,0.0889944,0.0889944
17.1229,0.0889944,0,0.0889944
17.1249,0,0.0899926,0.0899926
17.1259,0.0899926,0,0.0899926
17.1269,0,0.090999,0.090999
17.1279,0.090999,0,0.090999
17.1299,0,0.0919949,0.0919949
17.1309,0.0919949,0,0.0919949
17.1849,0,0.0789972,0.0789972
17.1869,0.0789972,0,0.0789972
17.1889,0,0.0809962,0.0809962
17.1909,0.0809962,0,0.0809962
17.1919,0,0.0839962,0.0839962
17.2679,0.0839962,0,0.0839962
17.2689,0,0.0689986,0.0689986
17.2709,0.0689986,0,0.0689986
17.2719,0,0.071,0.071
17.3869,0.071,0,0.071
17.3879,0,0.120995,0.120995
17.3889,0.120995,0,0.120995
17.3909,0,0.122005,0.122005
17.3929,0.122005,0,0.122005
17.3939,0,0.122004,0.122004
17.4299,0.122004,0,0.122004
17.4339,0,0.0479983,0.0479983
17.4349,0.0479983,0,0.0479983
17.4369,0,0.0480053,0.0480053
17.4379,0.0480053,0,0.0480053
17.4389,0,0.0480024,0.0480024
17.4409,0.0480024,0,0.0480024
17.4419,0,0.0489956,0.0489956
17.4419,0.0489956,0,0.0489956
17.4429,0,0.0490044,0.0490044
17.4439,0.0490044,0,0.0490044
17.4449,0,0.0509961,0.0509961
17.5049,0.0509961,0,0.0509961
17.5059,0,0.0759912,0.0759912
17.5079,0.0759912,0,0.0759912
17.5089,0,0.0729859,0.0729859
17.5099,0.0729859,0,0.0729859
17.5109,0,0.0739929,0.0739929
17.5119,0.0739929,0,0.0739929
17.5129,0,0.0749933,0.0749933
17.5139,0.0749933,0,0.0749933
17.5169,0,0.0759927,0.0759927
17.5179,0.0759927,0,0.0759927
17.5189,0,0.0769962,0.0769962
17.5189,0.0769962,0,0.0769962
17.5219,0,0.0580016,0.0580016
17.5489,0.0580016,0,0.0580016
17.5619,0,0.045994,0.045994
17.5699,0.045994,0,0.045994
17.5749,0,0.0539908,0.0539908
17.5779,0.0539908,0,0.0539908
17.5819,0,0.0599974,0.0599974
17.5839,0.0599974,0,0.0599974
17.6289,0,0.0800025,0.0800025
17.6389,0.0800025,0,0.0800025
17.6439,0,0.0690039,0.0690039
17.6499,0.0690039,0,0.0690039
17.6789,0,0.045996,0.045996
17.6839,0.045996,0,0.045996
17.6919,0,0.0479994,0.0479994
17.7579,0.0479994,0,0.0479994
17.7599,0,0.0679961,0.0679961
17.7669,0.0679961,0,0.0679961
17.7699,0,0.0699954,0.0699954
17.7729,0.0699954,0,0.0699954
17.7749,0,0.0729974,0.0729974
17.7769,0.0729974,0,0.0729974
17.8259,0,0.080998,0.080998
17.8289,0.080998,0,0.080998
17.8369,0,0.0809941,0.0809941
17.8389,0.0809941,0,0.0809941
17.8429,0,0.085996,0.085996
17.8499,0.085996,0,0.085996
17.8529,0,0.0890031,0.0890031
17.8539,0.0890031,0,0.0890031
17.8609,0,0.0859987,0.0859987
17.8629,0.0859987,0,0.0859987
18.0249,0,0.248,0.248
18.0279,0.248,0,0.248
18.0299,0,0.186999,0.186999
18.0299,0.186999,0,0.186999
18.0329,0,0.178991,0.178991
18.0329,0.178991,0,0.178991
18.0339,0,0.179996,0.179996
18.0359,0.179996,0,0.179996
18.0369,0,0.153008,0.153008
18.1019,0.153008,0,0.153008
18.1449,0,0.118992,0.118992
18.1459,0.118992,0,0.118992
18.1469,0,0.119997,0.119997
18.1479,0.119997,0,0.119997
18.1489,0,0.121006,0.121006
18.1499,0.121006,0,0.121006
18.1519,0,0.123999,0.123999
18.1539,0.123999,0,0.123999
18.1569,0,0.127989,0.127989
18.1579,0.127989,0,0.127989
18.1599,0,0.127996,0.127996
18.1619,0.127996,0,0.127996
18.1629,0,0.13,0.13
18.1639,0.13,0,0.13
18.1659,0,0.130999,0.130999
18.1669,0.130999,0,0.130999
18.1809,0,0.0569836,0.0569836
18.1939,0.0569836,0,0.0569836
18.1939,0,0.0439972,0.0439972
18.2089,0.0439972,0,0.0439972
18.2179,0,0.0489944,0.0489944
18.2649,0.0489944,0,0.0489944
18.2669,0,0.0630007,0.0630007
18.2689,0.0630007,0,0.0630007
18.2729,0,0.0550013,0.0550013
18.2739,0.0550013,0,0.0550013
18.2759,0,0.0580028,0.0580028
18.3079,0.0580028,0,0.0580028
18.3119,0,0.0429962,0.0429962
18.3149,0.0429962,0,0.0429962
18.3219,0,0.0490013,0.0490013
18.3279,0.0490013,0,0.0490013
18.3609,0,0.0490046,0.0490046
18.3629,0.0490046,0,0.0490046
18.3639,0,0.052,0.052
18.3649,0.052,0,0.052
18.3679,0,0.0480042,0.0480042
18.3689,0.0480042,0,0.0480042
18.3699,0,0.0480029,0.0480029
18.3719,0.0480029,0,0.0480029
18.3729,0,0.045007,0.045007
18.4029,0.045007,0,0.045007
18.4099,0,0.0489996,0.0489996
18.4179,0.0489996,0,0.0489996
18.4199,0,0.0479894,0.0479894
18.4239,0.0479894,0,0.0479894
18.4299,0,0.0430046,0.0430046
18.4519,0.0430046,0,0.0430046
18.4589,0,0.0449986,0.0449986
18.4629,0.0449986,0,0.0449986
18.4659,0,0.0479954,0.0479954
18.4709,0.0479954,0,0.0479954
18.4739,0,0.0439961,0.0439961
18.4939,0.0439961,0,0.0439961
18.5019,0,0.0499968,0.0499968
18.6529,0.0499968,0,0.0499968
18.6539,0,0.195001,0.195001
18.6549,0.195001,0,0.195001
18.6559,0,0.192996,0.192996
18.6579,0.192996,0,0.192996
18.6599,0,0.189,0.189
18.6609,0.189,0,0.189
18.6639,0,0.110993,0.110993
18.6699,0.110993,0,0.110993
18.6959,0,0.0419947,0.0419947
18.7019,0.0419947,0,0.0419947
18.7069,0,0.0519919,0.0519919
18.7089,0.0519919,0,0.0519919
18.7109,0,0.0529949,0.0529949
18.7129,0.0529949,0,0.0529949
18.7139,0,0.0559935,0.0559935
18.7179,0.0559935,0,0.0559935
18.7199,0,0.0589961,0.0589961
18.7219,0.0589961,0,0.0589961
18.7229,0,0.0619975,0.0619975
18.7259,0.0619975,0,0.0619975
18.7269,0,0.0649915,0.0649915
18.7299,0.0649915,0,0.0649915
18.9049,0,0.154,0.154
18.9049,0.154,0,0.154
18.9059,0,0.138001,0.138001
18.9059,0.138001,0,0.138001
18.9099,0,0.111985,0.111985
18.9869,0.111985,0,0.111985
18.9949,0,0.0850007,0.0850007
19.0659,0.0850007,0,0.0850007
19.1269,0,0.0610007,0.0610007
19.1349,0.0610007,0,0.0610007
19.1559,0,0.0889987,0.0889987
19.3059,0.0889987,0,0.0889987
19.3069,0,0.235999,0.235999
19.3089,0.235999,0,0.235999
19.3119,0,0.220975,0.220975
19.3159,0.220975,0,0.220975
19.3169,0,0.0719728,0.0719728
19.4239,0.0719728,0,0.0719728
19.4649,0,0.0890007,0.0890007
19.4669,0.0890007,0,0.0890007
19.4689,0,0.0919941,0.0919941
19.4709,0.0919941,0,0.0919941
19.4729,0,0.0939981,0.0939981
19.4739,0.0939981,0,0.0939981
19.4789,0,0.0989941,0.0989941
19.4819,0.0989941,0,0.0989941
19.4859,0,0.100997,0.100997
19.4859,0.100997,0,0.100997
19.4879,0,0.0649929,0.0649929
19.5159,0.0649929,0,0.0649929
19.5199,0,0.0469976,0.0469976
19.5209,0.0469976,0,0.0469976
19.5269,0,0.0450046,0.0450046
19.5349,0.0450046,0,0.0450046
19.5359,0,0.0480028,0.0480028
19.5639,0.0480028,0,0.0480028
19.5699,0,0.0429954,0.0429954
19.5789,0.0429954,0,0.0429954
19.5839,0,0.0439981,0.0439981
19.5849,0.0439981,0,0.0439981
19.5859,0,0.0450019,0.0450019
19.6019,0.0450019,0,0.0450019
19.6049,0,0.0420039,0.0420039
19.6079,0.0420039,0,0.0420039
19.6129,0,0.0430039,0.0430039
19.7169,0.0430039,0,0.0430039
19.7189,0,0.116997,0.116997
19.7199,0.116997,0,0.116997
19.7219,0,0.117001,0.117001
19.7249,0.117001,0,0.117001
19.7269,0,0.113996,0.113996
19.7279,0.113996,0,0.113996
19.7299,0,0.108988,0.108988
19.7309,0.108988,0,0.108988
19.7329,0,0.068979,0.068979
19.7979,0.068979,0,0.068979
19.8009,0,0.0839949,0.0839949
19.8249,0.0839949,0,0.0839949
19.8279,0,0.105996,0.105996
19.8329,0.105996,0,0.105996
19.8409,0,0.0430085,0.0430085
19.8429,0.0430085,0,0.0430085
19.8889,0,0.0619994,0.0619994
19.8959,0.0619994,0,0.0619994
19.9639,0,0.136007,0.136007
19.9659,0.136007,0,0.136007
19.9669,0,0.136005,0.136005
19.9679,0.136005,0,0.136005
19.9699,0,0.137999,0.137999
19.9709,0.137999,0,0.137999
19.9719,0,0.139998,0.139998
19.9849,0.139998,0,0.139998
19.9849,0,0.152003,0.152003
19.9859,0.152003,0,0.152003
19.9859,0,0.148007,0.148007
19.9869,0.148007,0,0.148007
19.9869,0,0.146004,0.146004
19.9879,0.146004,0,0.146004
19.9889,0,0.146001,0.146001
19.9889,0.146001,0,0.146001
19.991,0,0.0850159,0.0850159
20.0329,0.0850159,0,0.0850159
20.0339,0,0.048,0.048
20.0359,0.048,0,0.048
20.0379,0,0.0509881,0.0509881
20.0409,0.0509881,0,0.0509881
20.0429,0,0.0539889,0.0539889
20.0449,0.0539889,0,0.0539889
20.0459,0,0.0559873,0.0559873
20.0479,0.0559873,0,0.0559873
20.0499,0,0.0589887,0.0589887
20.0529,0.0589887,0,0.0589887
20.0549,0,0.0469982,0.0469982
20.0579,0.0469982,0,0.0469982
20.0579,0,0.0479968,0.0479968
20.0609,0.0479968,0,0.0479968
20.0969,0,0.0419972,0.0419972
20.1229,0.0419972,0,0.0419972
20.1229,0,0.0420014,0.0420014
20.1269,0.0420014,0,0.0420014
20.1299,0,0.0429986,0.0429986
20.1769,0.0429986,0,0.0429986
20.1799,0,0.0500007,0.0500007
20.1819,0.0500007,0,0.0500007
20.2699,0,0.0960017,0.0960017
20.2729,0.0960017,0,0.0960017
20.3449,0,0.171005,0.171005
20.3509,0.171005,0,0.171005
20.3519,0,0.0789986,0.0789986
20.3899,0.0789986,0,0.0789986
20.3899,0,0.0419999,0.0419999
20.3909,0.0419999,0,0.0419999
20.3939,0,0.0420138,0.0420138
20.3959,0.0420138,0,0.0420138
20.3979,0,0.0449963,0.0449963
20.4649,0.0449963,0,0.0449963
20.4669,0,0.0769975,0.0769975
20.4699,0.0769975,0,0.0769975
20.4719,0,0.0799828,0.0799828
20.4739,0.0799828,0,0.0799828
20.4759,0,0.0819903,0.0819903
20.4789,0.0819903,0,0.0819903
20.4959,0,0.0519937,0.0519937
20.5349,0.0519937,0,0.0519937
20.5359,0,0.0689969,0.0689969
20.5369,0.0689969,0,0.0689969
20.5389,0,0.0689994,0.0689994
20.6329,0.0689994,0,0.0689994
20.6349,0,0.161,0.161
20.6369,0.161,0,0.161
20.6379,0,0.159,0.159
20.6389,0.159,0,0.159
20.6409,0,0.149995,0.149995
20.6419,0.149995,0,0.149995
20.6439,0,0.105999,0.105999
20.6769,0.105999,0,0.105999
20.6769,0,0.0429941,0.0429941
20.6819,0.0429941,0,0.0429941
20.6829,0,0.045996,0.045996
20.6839,0.045996,0,0.045996
20.6849,0,0.043007,0.043007
20.6859,0.043007,0,0.043007
20.6879,0,0.0440011,0.0440011
20.8249,0.0440011,0,0.0440011
20.8259,0,0.147989,0.147989
20.8269,0.147989,0,0.147989
20.8299,0,0.145995,0.145995
20.8309,0.145995,0,0.145995
20.8319,0,0.146994,0.146994
20.8329,0.146994,0,0.146994
20.8349,0,0.146993,0.146993
20.8369,0.146993,0,0.146993
20.8389,0,0.149993,0.149993
20.8409,0.149993,0,0.149993
20.8449,0,0.111964,0.111964
20.8469,0.111964,0,0.111964
20.9059,0,0.0789972,0.0789972
20.9069,0.0789972,0,0.0789972
20.9089,0,0.0799929,0.0799929
20.9099,0.0799929,0,0.0799929
20.9139,0,0.0819947,0.0819947
20.9179,0.0819947,0,0.0819947
20.9239,0,0.0850032,0.0850032
20.9249,0.0850032,0,0.0850032
20.9259,0,0.0810032,0.0810032
20.9279,0.0810032,0,0.0810032
20.9299,0,0.0630006,0.0630006
21.0769,0.0630006,0,0.0630006
21.0829,0,0.158997,0.158997
21.0859,0.158997,0,0.158997
21.0899,0,0.163997,0.163997
21.0919,0.163997,0,0.163997
21.0949,0,0.166995,0.166995
21.1029,0.166995,0,0.166995
21.1159,0,0.0420046,0.0420046
21.1239,0.0420046,0,0.0420046
21.1249,0,0.0429994,0.0429994
21.1259,0.0429994,0,0.0429994
21.1289,0,0.0430019,0.0430019
21.1339,0.0430019,0,0.0430019
21.1379,0,0.0430032,0.0430032
21.1429,0.0430032,0,0.0430032
21.1439,0,0.0429988,0.0429988
21.2649,0.0429988,0,0.0429988
21.2659,0,0.156,0.156
21.3059,0.156,0,0.156
21.3079,0,0.192001,0.192001
21.3099,0.192001,0,0.192001
21.3129,0,0.193001,0.193001
21.3149,0.193001,0,0.193001
21.3179,0,0.191995,0.191995
21.3209,0.191995,0,0.191995
21.3229,0,0.190993,0.190993
21.3259,0.190993,0,0.190993
21.3539,0,0.0459954,0.0459954
21.3559,0.0459954,0,0.0459954
21.3729,0,0.047,0.047
21.4059,0.047,0,0.047
21.4209,0,0.0480065,0.0480065
21.4219,0.0480065,0,0.0480065
21.4479,0,0.0419915,0.0419915
21.4519,0.0419915,0,0.0419915
21.4669,0,0.0469994,0.0469994
21.4699,0.0469994,0,0.0469994
21.4729,0,0.0519962,0.0519962
21.4769,0.0519962,0,0.0519962
21.4809,0,0.0599935,0.0599935
21.4839,0.0599935,0,0.0599935
21.4859,0,0.0639949,0.0639949
21.4899,0.0639949,0,0.0639949
21.5849,0,0.122994,0.122994
21.5859,0.122994,0,0.122994
21.5899,0,0.117,0.117
21.5919,0.117,0,0.117
21.5929,0,0.112,0.112
21.5989,0.112,0,0.112
21.5999,0,0.113997,0.113997
21.6029,0.113997,0,0.113997
21.6069,0,0.0920026,0.0920026
21.6339,0.0920026,0,0.0920026
21.6409,0,0.0420046,0.0420046
21.6419,0.0420046,0,0.0420046
21.6839,0,0.0459927,0.0459927
21.6929,0.0459927,0,0.0459927
21.6989,0,0.0599901,0.0599901
21.7549,0.0599901,0,0.0599901
21.7569,0,0.115995,0.115995
21.7589,0.115995,0,0.115995
21.7839,0,0.140993,0.140993
21.7849,0.140993,0,0.140993
21.7869,0,0.137999,0.137999
21.7879,0.137999,0,0.137999
21.7909,0,0.0980099,0.0980099
21.7919,0.0980099,0,0.0980099
21.8649,0,0.0800016,0.0800016
21.8659,0.0800016,0,0.0800016
21.8679,0,0.0809941,0.0809941
21.8679,0.0809941,0,0.0809941
21.8699,0,0.0800021,0.0800021
21.8709,0.0800021,0,0.0800021
21.8719,0,0.0809971,0.0809971
21.8739,0.0809971,0,0.0809971
21.8769,0,0.0749987,0.0749987
21.8789,0.0749987,0,0.0749987
21.8839,0,0.05499,0.05499
21.8859,0.05499,0,0.05499
21.9449,0,0.0799929,0.0799929
21.9469,0.0799929,0,0.0799929
21.9489,0,0.0809976,0.0809976
21.9509,0.0809976,0,0.0809976
21.9529,0,0.0829933,0.0829933
21.9579,0.0829933,0,0.0829933
21.9599,0,0.0830027,0.0830027
21.9629,0.0830027,0,0.0830027
21.9659,0,0.0699987,0.0699987
21.9729,0.0699987,0,0.0699987
22.0259,0,0.0789967,0.0789967
22.0269,0.0789967,0,0.0789967
22.0289,0,0.0799968,0.0799968
22.0309,0.0799968,0,0.0799968
22.0339,0,0.075994,0.075994
22.0379,0.075994,0,0.075994
22.0409,0,0.0770001,0.0770001
22.0459,0.0770001,0,0.0770001
22.0579,0,0.064977,0.064977
22.0749,0.064977,0,0.064977
22.0789,0,0.0419967,0.0419967
22.0819,0.0419967,0,0.0419967
22.0829,0,0.0419947,0.0419947
22.0829,0.0419947,0,0.0419947
22.0859,0,0.0419948,0.0419948
22.0859,0.0419948,0,0.0419948
22.0879,0,0.042002,0.042002
22.0889,0.042002,0,0.042002
22.1449,0,0.0709947,0.0709947
22.1459,0.0709947,0,0.0709947
22.1479,0,0.0730014,0.0730014
22.1499,0.0730014,0,0.0730014
22.1529,0,0.0759987,0.0759987
22.1539,0.0759987,0,0.0759987
22.1559,0,0.0759943,0.0759943
22.1569,0.0759943,0,0.0759943
22.1589,0,0.0729961,0.0729961
22.1599,0.0729961,0,0.0729961
22.1619,0,0.073,0.073
22.1639,0.073,0,0.073
22.1659,0,0.0659967,0.0659967
22.1879,0.0659967,0,0.0659967
22.1919,0,0.0419974,0.0419974
22.1939,0.0419974,0,0.0419974
22.1959,0,0.042994,0.042994
22.1989,0.042994,0,0.042994
22.1999,0,0.0429887,0.0429887
22.2009,0.0429887,0,0.0429887
22.2019,0,0.0429983,0.0429983
22.2029,0.0429983,0,0.0429983
22.2039,0,0.0440042,0.0440042
22.2059,0.0440042,0,0.0440042
22.2089,0,0.0430021,0.0430021
22.2539,0.0430021,0,0.0430021
22.2579,0,0.0679954,0.0679954
22.2679,0.0679954,0,0.0679954
22.2709,0,0.0700039,0.0700039
22.2779,0.0700039,0,0.0700039
22.2799,0,0.0709999,0.0709999
22.2819,0.0709999,0,0.0709999
22.2849,0,0.0639915,0.0639915
22.2989,0.0639915,0,0.0639915
22.3849,0,0.122,0.122
22.3849,0.122,0,0.122
22.3859,0,0.119001,0.119001
22.3859,0.119001,0,0.119001
22.3869,0,0.119007,0.119007
22.3869,0.119007,0,0.119007
22.3879,0,0.118001,0.118001
22.3889,0.118001,0,0.118001
22.3889,0,0.115007,0.115007
22.3899,0.115007,0,0.115007
22.39,0,0.113016,0.113016
22.3909,0.113016,0,0.113016
22.3919,0,0.109998,0.109998
22.3919,0.109998,0,0.109998
22.392,0,0.0930191,0.0930191
22.3929,0.0930191,0,0.0930191
22.3939,0,0.0940007,0.0940007
22.5069,0.0940007,0,0.0940007
22.5109,0,0.123993,0.123993
22.5129,0.123993,0,0.123993
22.5159,0,0.127996,0.127996
22.5209,0.127996,0,0.127996
22.5239,0,0.133992,0.133992
22.5259,0.133992,0,0.133992
22.5299,0,0.138999,0.138999
22.5329,0.138999,0,0.138999
22.5349,0,0.143994,0.143994
22.5389,0.143994,0,0.143994
22.5419,0,0.149989,0.149989
22.6259,0.149989,0,0.149989
22.6289,0,0.234997,0.234997
22.6319,0.234997,0,0.234997
22.6359,0,0.239995,0.239995
22.6379,0.239995,0,0.239995
22.6429,0,0.135999,0.135999
22.6509,0.135999,0,0.135999
22.6519,0,0.131002,0.131002
22.6579,0.131002,0,0.131002
22.6659,0,0.136002,0.136002
22.6739,0.136002,0,0.136002
22.8289,0,0.2,0.2
22.8299,0.2,0,0.2
22.8359,0,0.188001,0.188001
22.8379,0.188001,0,0.188001
22.8399,0,0.190999,0.190999
22.8419,0.190999,0,0.190999
22.8429,0,0.178003,0.178003
22.8449,0.178003,0,0.178003
22.8489,0,0.182986,0.182986
22.8499,0.182986,0,0.182986
22.8519,0,0.177996,0.177996
22.8529,0.177996,0,0.177996
22.8739,0,0.0419974,0.0419974
22.8749,0.0419974,0,0.0419974
22.8819,0,0.0459994,0.0459994
22.8859,0.0459994,0,0.0459994
22.9009,0,0.0479998,0.0479998
22.9089,0.0479998,0,0.0479998
22.9169,0,0.043998,0.043998
22.9229,0.043998,0,0.043998
22.9289,0,0.0439961,0.0439961
22.9309,0.0439961,0,0.0439961
22.9339,0,0.0479981,0.0479981
22.9369,0.0479981,0,0.0479981
22.9409,0,0.0509961,0.0509961
23.1659,0.0509961,0,0.0509961
23.1679,0,0.271995,0.271995
23.1719,0.271995,0,0.271995
23.1739,0,0.265006,0.265006
23.1789,0.265006,0,0.265006
23.1809,0,0.259998,0.259998
23.1819,0.259998,0,0.259998
23.1829,0,0.260004,0.260004
23.1869,0.260004,0,0.260004
23.1879,0,0.251003,0.251003
23.1889,0.251003,0,0.251003
23.1899,0,0.143989,0.143989
23.2129,0.143989,0,0.143989
23.2139,0,0.0489928,0.0489928
23.2149,0.0489928,0,0.0489928
23.2169,0,0.0509954,0.0509954
23.2179,0.0509954,0,0.0509954
23.2189,0,0.0489998,0.0489998
23.2219,0.0489998,0,0.0489998
23.2229,0,0.048994,0.048994
23.2239,0.048994,0,0.048994
23.2269,0,0.0489954,0.0489954
23.2279,0.0489954,0,0.0489954
23.2299,0,0.0470032,0.0470032
23.2319,0.0470032,0,0.0470032
23.2329,0,0.0460034,0.0460034
23.2339,0.0460034,0,0.0460034
23.2369,0,0.0489981,0.0489981
23.2379,0.0489981,0,0.0489981
23.2389,0,0.0490009,0.0490009
23.2549,0.0490009,0,0.0490009
23.2569,0,0.0420032,0.0420032
23.2609,0.0420032,0,0.0420032
23.2619,0,0.0439919,0.0439919
23.2629,0.0439919,0,0.0439919
23.2669,0,0.0419927,0.0419927
23.2699,0.0419927,0,0.0419927
23.2719,0,0.0419979,0.0419979
23.3179,0.0419979,0,0.0419979
23.3329,0,0.0519901,0.0519901
23.3409,0.0519901,0,0.0519901
23.3489,0,0.0449987,0.0449987
23.3549,0.0449987,0,0.0449987
23.3629,0,0.047002,0.047002
23.3649,0.047002,0,0.047002
23.3829,0,0.0420039,0.0420039
23.4259,0.0420039,0,0.0420039
23.4269,0,0.062012,0.062012
23.4279,0.062012,0,0.062012
23.4289,0,0.0619997,0.0619997
23.4299,0.0619997,0,0.0619997
23.4299,0,0.0630054,0.0630054
23.4319,0.0630054,0,0.0630054
23.4319,0,0.049006,0.049006
23.4839,0.049006,0,0.049006
23.5059,0,0.0809883,0.0809883
23.5089,0.0809883,0,0.0809883
23.5119,0,0.086,0.086
23.5139,0.086,0,0.086
23.5169,0,0.0910014,0.0910014
23.5199,0.0910014,0,0.0910014
23.5229,0,0.0959915,0.0959915
23.5269,0.0959915,0,0.0959915
23.5329,0,0.102992,0.102992
23.5389,0.102992,0,0.102992
23.5449,0,0.0629873,0.0629873
23.5549,0.0629873,0,0.0629873
23.5559,0,0.0420025,0.0420025
23.5659,0.0420025,0,0.0420025
23.5689,0,0.041998,0.041998
23.5699,0.041998,0,0.041998
23.5719,0,0.0449995,0.0449995
23.5759,0.0449995,0,0.0449995
23.5819,0,0.0429974,0.0429974
23.6669,0.0429974,0,0.0429974
23.6689,0,0.113995,0.113995
23.6709,0.113995,0,0.113995
23.6709,0,0.112001,0.112001
23.6769,0.112001,0,0.112001
23.6789,0,0.107,0.107
23.6809,0.107,0,0.107
23.6819,0,0.105997,0.105997
23.6999,0.105997,0,0.105997
23.7869,0,0.115998,0.115998
23.7879,0.115998,0,0.115998
23.7889,0,0.11201,0.11201
23.7899,0.11201,0,0.11201
23.7929,0,0.115,0.115
23.7979,0.115,0,0.115
23.7999,0,0.0899958,0.0899958
23.8009,0.0899958,0,0.0899958
23.8659,0,0.0789999,0.0789999
23.8699,0.0789999,0,0.0789999
23.8729,0,0.0839912,0.0839912
23.8779,0.0839912,0,0.0839912
23.8799,0,0.087,0.087
23.8899,0.087,0,0.087
23.8929,0,0.0949948,0.0949948
23.8959,0.0949948,0,0.0949948
23.8979,0,0.0999963,0.0999963
23.9019,0.0999963,0,0.0999963
23.9039,0,0.103994,0.103994
23.9069,0.103994,0,0.103994
23.9119,0,0.0420058,0.0420058
23.9219,0.0420058,0,0.0420058
23.9229,0,0.0429996,0.0429996
23.9279,0.0429996,0,0.0429996
23.9379,0,0.0420039,0.0420039
23.9399,0.0420039,0,0.0420039
23.9489,0,0.0420018,0.0420018
23.9539,0.0420018,0,0.0420018
23.9539,0,0.0420017,0.0420017
23.9579,0.0420017,0,0.0420017
23.9639,0,0.042,0.042
23.9699,0.042,0,0.042
23.9709,0,0.0429944,0.0429944
23.9729,0.0429944,0,0.0429944
23.9739,0,0.0439959,0.0439959
23.9759,0.0439959,0,0.0439959
23.9809,0,0.0459954,0.0459954
23.9809,0.0459954,0,0.0459954
23.9889,0,0.0489954,0.0489954
23.9939,0.0489954,0,0.0489954
24.0009,0,0.0549969,0.0549969
24.0079,0.0549969,0,0.0549969
24.0139,0,0.0649915,0.0649915
24.1239,0.0649915,0,0.0649915
24.1299,0,0.166996,0.166996
24.1359,0.166996,0,0.166996
24.1399,0,0.173995,0.173995
24.1449,0.173995,0,0.173995
24.1489,0,0.172999,0.172999
24.1509,0.172999,0,0.172999
24.1519,0,0.172001,0.172001
24.1539,0.172001,0,0.172001
24.1549,0,0.175002,0.175002
24.1569,0.175002,0,0.175002
24.1589,0,0.177993,0.177993
24.1609,0.177993,0,0.177993
24.1649,0,0.151005,0.151005
24.1689,0.151005,0,0.151005
24.2439,0,0.057,0.057
24.2439,0.057,0,0.057
24.3049,0,0.0979986,0.0979986
24.3049,0.0979986,0,0.0979986
24.3089,0,0.0420039,0.0420039
24.3939,0.0420039,0,0.0420039
24.3959,0,0.0899946,0.0899946
24.3999,0.0899946,0,0.0899946
24.4069,0,0.0999974,0.0999974
24.4149,0.0999974,0,0.0999974
24.4179,0,0.108996,0.108996
24.4649,0.108996,0,0.108996
24.4659,0,0.0719987,0.0719987
24.4669,0.0719987,0,0.0719987
24.4689,0,0.0620076,0.0620076
24.4699,0.0620076,0,0.0620076
24.5079,0,0.0429945,0.0429945
24.5199,0.0429945,0,0.0429945
24.5239,0,0.0569939,0.0569939
24.5299,0.0569939,0,0.0569939
24.5329,0,0.0639924,0.0639924
24.5389,0.0639924,0,0.0639924
24.5439,0,0.0719885,0.0719885
24.5459,0.0719885,0,0.0719885
24.5489,0,0.0759915,0.0759915
24.5519,0.0759915,0,0.0759915
24.5549,0,0.081,0.081
24.5569,0.081,0,0.081
24.8269,0,0.280998,0.280998
24.8279,0.280998,0,0.280998
24.8359,0,0.278998,0.278998
24.8429,0.278998,0,0.278998
24.8449,0,0.272,0.272
24.8519,0.272,0,0.272
24.9849,0,0.156999,0.156999
24.9859,0.156999,0,0.156999
24.9879,0,0.156003,0.156003
24.9889,0.156003,0,0.156003
24.9899,0,0.148999,0.148999
24.9909,0.148999,0,0.148999
24.9929,0,0.147998,0.147998
24.9939,0.147998,0,0.147998
24.9979,0,0.145995,0.145995
24.9989,0.145995,0,0.145995
25.0309,0,0.0429955,0.0429955
25.0379,0.0429955,0,0.0429955
25.0419,0,0.05299,0.05299
25.0449,0.05299,0,0.05299
25.0519,0,0.0599915,0.0599915
25.0579,0.0599915,0,0.0599915
25.0619,0,0.0649963,0.0649963
25.1449,0.0649963,0,0.0649963
25.1459,0,0.147999,0.147999
25.1469,0.147999,0,0.147999
25.1489,0,0.149994,0.149994
25.1529,0.149994,0,0.149994
25.1559,0,0.0980078,0.0980078
25.1879,0.0980078,0,0.0980078
25.1939,0,0.0479969,0.0479969
25.2039,0.0479969,0,0.0479969
25.2099,0,0.0569974,0.0569974
25.2129,0.0569974,0,0.0569974
25.2169,0,0.0639932,0.0639932
25.2219,0.0639932,0,0.0639932
25.2249,0,0.0700016,0.0700016
25.2259,0.0700016,0,0.0700016
25.2269,0,0.0709946,0.0709946
25.2439,0.0709946,0,0.0709946
25.2459,0,0.0419993,0.0419993
25.2479,0.0419993,0,0.0419993
25.2589,0,0.0419968,0.0419968
25.2599,0.0419968,0,0.0419968
25.2619,0,0.0449984,0.0449984
25.2639,0.0449984,0,0.0449984
25.3059,0,0.0630017,0.0630017
25.3059,0.0630017,0,0.0630017
25.3069,0,0.0430026,0.0430026
25.3849,0.0430026,0,0.0430026
25.3869,0,0.0799991,0.0799991
25.3899,0.0799991,0,0.0799991
25.4009,0,0.050982,0.050982
25.4279,0.050982,0,0.050982
25.4289,0,0.0429994,0.0429994
25.4339,0.0429994,0,0.0429994
25.4349,0,0.0479961,0.0479961
25.4359,0.0479961,0,0.0479961
25.5849,0,0.184971,0.184971
25.5849,0.184971,0,0.184971
25.5849,0,0.157001,0.157001
25.5859,0.157001,0,0.157001
25.5859,0,0.157017,0.157017
25.5869,0.157017,0,0.157017
25.5879,0,0.152007,0.152007
25.6349,0.152007,0,0.152007
25.6369,0,0.0509922,0.0509922
25.6379,0.0509922,0,0.0509922
25.6409,0,0.0539962,0.0539962
25.6439,0.0539962,0,0.0539962
25.6469,0,0.0579935,0.0579935
25.7049,0.0579935,0,0.0579935
25.7209,0,0.0799974,0.0799974
25.7279,0.0799974,0,0.0799974
25.7369,0,0.0929954,0.0929954
25.7429,0.0929954,0,0.0929954
25.7459,0,0.0990019,0.0990019
25.7479,0.0990019,0,0.0990019
25.7489,0,0.101996,0.101996
25.7509,0.101996,0,0.101996
25.7859,0,0.0490041,0.0490041
25.7859,0.0490041,0,0.0490041
25.7879,0,0.0419945,0.0419945
25.7919,0.0419945,0,0.0419945
25.7949,0,0.0460046,0.0460046
25.7959,0.0460046,0,0.0460046
25.7999,0,0.0419961,0.0419961
25.8019,0.0419961,0,0.0419961
25.8369,0,0.0509972,0.0509972
25.8379,0.0509972,0,0.0509972
25.8419,0,0.0559904,0.0559904
25.8489,0.0559904,0,0.0559904
25.8519,0,0.0569938,0.0569938
25.8609,0.0569938,0,0.0569938
25.8859,0,0.074,0.074
25.8889,0.074,0,0.074
25.8929,0,0.0559987,0.0559987
25.9099,0.0559987,0,0.0559987
26.0719,0,0.212,0.212
26.0719,0.212,0,0.212
26.0749,0,0.214,0.214
26.0819,0.214,0,0.214
26.1659,0,0.0969964,0.0969964
26.1709,0.0969964,0,0.0969964
26.1729,0,0.100998,0.100998
26.1779,0.100998,0,0.100998
26.1809,0,0.102996,0.102996
26.2249,0.102996,0,0.102996
26.2279,0,0.142997,0.142997
26.2289,0.142997,0,0.142997
26.2309,0,0.125005,0.125005
26.2329,0.125005,0,0.125005
26.2339,0,0.0609987,0.0609987
26.2359,0.0609987,0,0.0609987
26.2669,0,0.0419993,0.0419993
26.2739,0.0419993,0,0.0419993
26.2749,0,0.0479968,0.0479968
26.2779,0.0479968,0,0.0479968
26.2789,0,0.0479971,0.0479971
26.2799,0.0479971,0,0.0479971
26.2809,0,0.0479982,0.0479982
26.2829,0.0479982,0,0.0479982
26.2849,0,0.0469932,0.0469932
26.3009,0.0469932,0,0.0469932
26.3399,0,0.0639922,0.0639922
26.3449,0.0639922,0,0.0639922
26.4269,0,0.150987,0.150987
26.4289,0.150987,0,0.150987
26.4309,0,0.152997,0.152997
26.4329,0.152997,0,0.152997
26.4349,0,0.154993,0.154993
26.4369,0.154993,0,0.154993
26.4399,0,0.158992,0.158992
26.4419,0.158992,0,0.158992
26.4439,0,0.16099,0.16099
26.4459,0.16099,0,0.16099
26.4499,0,0.110002,0.110002
26.4499,0.110002,0,0.110002
26.4509,0,0.0849937,0.0849937
26.5059,0.0849937,0,0.0849937
26.5069,0,0.0630001,0.0630001
26.5079,0.0630001,0,0.0630001
26.5729,0,0.0670069,0.0670069
26.5759,0.0670069,0,0.0670069
26.5769,0,0.0689983,0.0689983
26.5839,0.0689983,0,0.0689983
26.6349,0,0.0619915,0.0619915
26.6489,0.0619915,0,0.0619915
26.6559,0,0.0719978,0.0719978
26.6899,0.0719978,0,0.0719978
26.6929,0,0.0440033,0.0440033
26.6939,0.0440033,0,0.0440033
26.6959,0,0.0430089,0.0430089
26.6979,0.0430089,0,0.0430089
26.7519,0,0.0890034,0.0890034
26.7649,0.0890034,0,0.0890034
26.7659,0,0.0760021,0.0760021
26.7869,0.0760021,0,0.0760021
26.7889,0,0.0959967,0.0959967
26.7919,0.0959967,0,0.0959967
26.7939,0,0.0979928,0.0979928
26.7969,0.0979928,0,0.0979928
26.8299,0,0.0429983,0.0429983
26.8399,0.0429983,0,0.0429983
26.9449,0,0.138002,0.138002
26.9479,0.138002,0,0.138002
26.9499,0,0.0960066,0.0960066
26.9519,0.0960066,0,0.0960066
27.1549,0,0.20899,0.20899
27.2519,0.20899,0,0.20899
27.3049,0,0.356994,0.356994
27.3059,0.356994,0,0.356994
27.3079,0,0.357997,0.357997
27.3089,0.357997,0,0.357997
27.3099,0,0.360002,0.360002
27.3129,0.360002,0,0.360002
27.3139,0,0.362,0.362
27.3149,0.362,0,0.362
27.3169,0,0.362997,0.362997
27.3179,0.362997,0,0.362997
27.3249,0,0.0619882,0.0619882
27.4249,0.0619882,0,0.0619882
27.4259,0,0.119991,0.119991
27.4289,0.119991,0,0.119991
27.4289,0,0.109002,0.109002
27.4299,0.109002,0,0.109002
27.431,0,0.105009,0.105009
27.4429,0.105009,0,0.105009
27.4739,0,0.0479956,0.0479956
27.4749,0.0479956,0,0.0479956
27.4759,0,0.0489902,0.0489902
27.4769,0.0489902,0,0.0489902
27.4769,0,0.0490118,0.0490118
27.4779,0.0490118,0,0.0490118
27.4789,0,0.0509869,0.0509869
27.4789,0.0509869,0,0.0509869
27.4799,0,0.051,0.051
27.4809,0.051,0,0.051
27.4819,0,0.051986,0.051986
27.4819,0.051986,0,0.051986
27.4829,0,0.0519865,0.0519865
27.5229,0.0519865,0,0.0519865
27.5259,0,0.0509894,0.0509894
27.5289,0.0509894,0,0.0509894
27.5359,0,0.0589882,0.0589882
27.5389,0.0589882,0,0.0589882
27.5419,0,0.0639865,0.0639865
27.6679,0.0639865,0,0.0639865
27.6709,0,0.191987,0.191987
27.6789,0.191987,0,0.191987
27.6849,0,0.197995,0.197995
27.7029,0.197995,0,0.197995
27.7099,0,0.0420059,0.0420059
27.7319,0.0420059,0,0.0420059
27.7339,0,0.044,0.044
27.7419,0.044,0,0.044
27.7519,0,0.0419916,0.0419916
27.7539,0.0419916,0,0.0419916
27.7559,0,0.045995,0.045995
27.7599,0.045995,0,0.045995
27.7629,0,0.0439955,0.0439955
27.7639,0.0439955,0,0.0439955
27.7659,0,0.0449933,0.0449933
27.7689,0.0449933,0,0.0449933
27.7739,0,0.0420001,0.0420001
27.7789,0.0420001,0,0.0420001
27.9119,0,0.151998,0.151998
27.9159,0.151998,0,0.151998
27.9209,0,0.148996,0.148996
27.9239,0.148996,0,0.148996
27.9279,0,0.145997,0.145997
27.9299,0.145997,0,0.145997
27.9849,0,0.0789987,0.0789987
27.9879,0.0789987,0,0.0789987
27.9969,0,0.0850033,0.0850033
28.0019,0.0850033,0,0.0850033
28.0059,0,0.0820056,0.0820056
28.0139,0.0820056,0,0.0820056
28.0149,0,0.0709996,0.0709996
28.0649,0.0709996,0,0.0709996
28.0669,0,0.0789961,0.0789961
28.0719,0.0789961,0,0.0789961
28.0749,0,0.0770007,0.0770007
28.0819,0.0770007,0,0.0770007
28.0849,0,0.0789944,0.0789944
28.0909,0.0789944,0,0.0789944
28.0929,0,0.0790028,0.0790028
28.1449,0.0790028,0,0.0790028
28.1479,0,0.0689994,0.0689994
28.1479,0.0689994,0,0.0689994
28.1489,0,0.0690058,0.0690058
28.1499,0.0690058,0,0.0690058
28.1499,0,0.0690051,0.0690051
28.1509,0.0690051,0,0.0690051
28.1939,0,0.0489944,0.0489944
28.1979,0.0489944,0,0.0489944
28.2009,0,0.0529996,0.0529996
28.2019,0.0529996,0,0.0529996
28.2029,0,0.0509837,0.0509837
28.2029,0.0509837,0,0.0509837
28.2649,0,0.0890001,0.0890001
28.2659,0.0890001,0,0.0890001
28.2669,0,0.0660002,0.0660002
28.2719,0.0660002,0,0.0660002
28.2759,0,0.0729965,0.0729965
28.2829,0.0729965,0,0.0729965
28.2859,0,0.0810018,0.0810018
28.2919,0.0810018,0,0.0810018
28.3449,0,0.0780067,0.0780067
28.3469,0.0780067,0,0.0780067
28.5449,0,0.158985,0.158985
28.5449,0.158985,0,0.158985
28.5949,0,0.0499896,0.0499896
28.5999,0.0499896,0,0.0499896
28.6089,0,0.0599974,0.0599974
28.6179,0.0599974,0,0.0599974
28.6649,0,0.0919907,0.0919907
28.7249,0.0919907,0,0.0919907
28.8839,0,0.216002,0.216002
28.9959,0.216002,0,0.216002
29.0049,0,0.329987,0.329987
29.0459,0.329987,0,0.329987
29.0509,0,0.046,0.046
29.0589,0.046,0,0.046
29.0669,0,0.044,0.044
29.0709,0.044,0,0.044
29.0859,0,0.043,0.043
29.0929,0.043,0,0.043
29.1469,0,0.0759979,0.0759979
29.1489,0.0759979,0,0.0759979
29.1519,0,0.066,0.066
29.1529,0.066,0,0.066
29.1569,0,0.071,0.071
29.1599,0.071,0,0.071
29.1629,0,0.0589961,0.0589961
29.1809,0.0589961,0,0.0589961
29.2689,0,0.0590072,0.0590072
29.2719,0.0590072,0,0.0590072
29.3149,0,0.0489929,0.0489929
29.3179,0.0489929,0,0.0489929
29.3229,0,0.0539947,0.0539947
29.3249,0.0539947,0,0.0539947
29.3269,0,0.0579965,0.0579965
29.3329,0.0579965,0,0.0579965
29.3359,0,0.063991,0.063991
29.3379,0.063991,0,0.063991
29.3419,0,0.0549903,0.0549903
29.3869,0.0549903,0,0.0549903
29.3889,0,0.0709962,0.0709962
29.3939,0.0709962,0,0.0709962
29.3949,0,0.0679963,0.0679963
29.4009,0.0679963,0,0.0679963
29.4449,0,0.0449993,0.0449993
29.4459,0.0449993,0,0.0449993
29.4489,0,0.0479981,0.0479981
29.4689,0.0479981,0,0.0479981
29.4809,0,0.0420021,0.0420021
29.4829,0.0420021,0,0.0420021
29.4839,0,0.041996,0.041996
29.4849,0.041996,0,0.041996
29.4879,0,0.045996,0.045996
29.5299,0.045996,0,0.045996
29.5319,0,0.0509934,0.0509934
29.5339,0.0509934,0,0.0509934
29.5379,0,0.0549942,0.0549942
29.5409,0.0549942,0,0.0549942
29.5549,0,0.0639994,0.0639994
29.5579,0.0639994,0,0.0639994
29.5589,0,0.0670007,0.0670007
29.5619,0.0670007,0,0.0670007
29.5639,0,0.0710066,0.0710066
29.5669,0.0710066,0,0.0710066
29.5719,0,0.0429981,0.0429981
29.5829,0.0429981,0,0.0429981
29.6249,0,0.0839967,0.0839967
29.6259,0.0839967,0,0.0839967
29.6289,0,0.0740085,0.0740085
29.6329,0.0740085,0,0.0740085
29.6339,0,0.0699993,0.0699993
29.6369,0.0699993,0,0.0699993
29.6459,0,0.0519861,0.0519861
29.6469,0.0519861,0,0.0519861
29.7339,0,0.10499,0.10499
29.7849,0.10499,0,0.10499
29.7859,0,0.157001,0.157001
29.7879,0.157001,0,0.157001
29.7909,0,0.151996,0.151996
29.7919,0.151996,0,0.151996
29.7929,0,0.152995,0.152995
29.7939,0.152995,0,0.152995
29.7959,0,0.153998,0.153998
29.7989,0.153998,0,0.153998
29.7989,0,0.132012,0.132012
29.8339,0.132012,0,0.132012
29.8389,0,0.0499942,0.0499942
29.8459,0.0499942,0,0.0499942
29.8509,0,0.06,0.06
29.8539,0.06,0,0.06
29.8589,0,0.068,0.068
29.8639,0.068,0,0.068
29.9849,0,0.189006,0.189006
29.9859,0.189006,0,0.189006
29.9879,0,0.190992,0.190992
29.9889,0.190992,0,0.190992
29.9909,0,0.19199,0.19199
29.9919,0.19199,0,0.19199
29.9959,0,0.142,0.142
29.9979,0.142,0,0.142
30.0079,0,0.0519806,0.0519806
30.1419,0.0519806,0,0.0519806
30.1429,0,0.147991,0.147991
30.1459,0.147991,0,0.147991
30.1939,0,0.052,0.052
30.2369,0.052,0,0.052
30.2469,0,0.046,0.046
30.2879,0.046,0,0.046
30.2929,0,0.053998,0.053998
30.2989,0.053998,0,0.053998
30.3049,0,0.064,0.064
30.4249,0.064,0,0.064
30.4279,0,0.10201,0.10201
30.4329,0.10201,0,0.10201
30.4749,0,0.0469897,0.0469897
30.4759,0.0469897,0,0.0469897
30.4959,0,0.052996,0.052996
30.5229,0.052996,0,0.052996
30.5269,0,0.0510013,0.0510013
30.5299,0.0510013,0,0.0510013
30.5319,0,0.056,0.056
30.5699,0.056,0,0.056
30.5739,0,0.0420019,0.0420019
30.5859,0.0420019,0,0.0420019
30.5869,0,0.0430041,0.0430041
30.6129,0.0430041,0,0.0430041
30.6139,0,0.042003,0.042003
30.6189,0.042003,0,0.042003
30.6209,0,0.0489862,0.0489862
30.6219,0.0489862,0,0.0489862
30.6659,0,0.0799954,0.0799954
30.6729,0.0799954,0,0.0799954
30.6829,0,0.0969954,0.0969954
30.6919,0.0969954,0,0.0969954
30.7029,0,0.0899961,0.0899961
30.7089,0.0899961,0,0.0899961
30.7219,0,0.0779959,0.0779959
30.7359,0.0779959,0,0.0779959
30.7639,0,0.045,0.045
30.7789,0.045,0,0.045
30.7849,0,0.0490021,0.0490021
30.8409,0.0490021,0,0.0490021
30.8519,0,0.076,0.076
30.8549,0.076,0,0.076
30.9459,0,0.119006,0.119006
30.9469,0.119006,0,0.119006
30.9529,0,0.0790092,0.0790092
30.9879,0.0790092,0,0.0790092
30.9919,0,0.0459942,0.0459942
31.0009,0.0459942,0,0.0459942
31.0059,0,0.0559941,0.0559941
31.0089,0.0559941,0,0.0559941
31.0169,0,0.0659922,0.0659922
31.0239,0.0659922,0,0.0659922
31.0269,0,0.0739975,0.0739975
31.0269,0.0739975,0,0.0739975
31.0279,0,0.0740041,0.0740041
31.0399,0.0740041,0,0.0740041
31.0429,0,0.0420047,0.0420047
31.0479,0.0420047,0,0.0420047
31.0509,0,0.0420019,0.0420019
31.1089,0.0420019,0,0.0420019
31.1149,0,0.0879889,0.0879889
31.1219,0.0879889,0,0.0879889
31.1279,0,0.0879954,0.0879954
31.1319,0.0879954,0,0.0879954
31.1359,0,0.0949915,0.0949915
31.1419,0.0949915,0,0.0949915
31.1569,0,0.113998,0.113998
31.1769,0.113998,0,0.113998
31.2719,0,0.220996,0.220996
31.2729,0.220996,0,0.220996
31.2869,0,0.171999,0.171999
31.2929,0.171999,0,0.171999
31.2979,0,0.17,0.17
31.3099,0.17,0,0.17
31.3339,0,0.042,0.042
31.4039,0.042,0,0.042
31.4049,0,0.0949987,0.0949987
31.4049,0.0949987,0,0.0949987
31.4079,0,0.070002,0.070002
31.4659,0.070002,0,0.070002
31.4679,0,0.05901,0.05901
31.5849,0.05901,0,0.05901
31.5869,0,0.121002,0.121002
31.5899,0.121002,0,0.121002
31.5919,0,0.126002,0.126002
31.5959,0.126002,0,0.126002
31.5989,0,0.131992,0.131992
31.6009,0.131992,0,0.131992
31.6039,0,0.136,0.136
31.6069,0.136,0,0.136
31.6119,0,0.143987,0.143987
31.6219,0.143987,0,0.143987
31.6649,0,0.0780025,0.0780025
31.6679,0.0780025,0,0.0780025
31.6739,0,0.0520032,0.0520032
31.7229,0.0520032,0,0.0520032
31.9879,0,0.269003,0.269003
31.9959,0.269003,0,0.269003
32.0669,0,0.0789953,0.0789953
32.0699,0.0789953,0,0.0789953
32.1159,0,0.0419979,0.0419979
32.1539,0.0419979,0,0.0419979
32.1589,0,0.0420085,0.0420085
32.1659,0.0420085,0,0.0420085
32.2029,0,0.0489979,0.0489979
32.2029,0.0489979,0,0.0489979
32.2089,0,0.0499935,0.0499935
32.2109,0.0499935,0,0.0499935
32.2159,0,0.0499954,0.0499954
32.2649,0.0499954,0,0.0499954
32.3139,0,0.0489954,0.0489954
32.3289,0.0489954,0,0.0489954
32.4269,0,0.110993,0.110993
32.4369,0.110993,0,0.110993
32.4439,0,0.114998,0.114998
32.4489,0.114998,0,0.114998
32.4549,0,0.11299,0.11299
32.4569,0.11299,0,0.11299
32.4809,0,0.0440011,0.0440011
32.4819,0.0440011,0,0.0440011
32.4839,0,0.047,0.047
32.4909,0.047,0,0.047
32.4979,0,0.0430046,0.0430046
32.6659,0.0430046,0,0.0430046
32.6669,0,0.185999,0.185999
32.6709,0.185999,0,0.185999
32.6729,0,0.185003,0.185003
32.6749,0.185003,0,0.185003
32.6779,0,0.187002,0.187002
32.6809,0.187002,0,0.187002
32.6849,0,0.142973,0.142973
32.6859,0.142973,0,0.142973
32.7499,0,0.0769959,0.0769959
32.7509,0.0769959,0,0.0769959
32.7519,0,0.073994,0.073994
32.7569,0.073994,0,0.073994
32.7609,0,0.082994,0.082994
32.7669,0.082994,0,0.082994
32.7719,0,0.0859967,0.0859967
32.8649,0.0859967,0,0.0859967
32.8709,0,0.101998,0.101998
32.8719,0.101998,0,0.101998
32.9869,0,0.118996,0.118996
32.9909,0.118996,0,0.118996
32.9939,0,0.123995,0.123995
32.9979,0.123995,0,0.123995
33.0019,0,0.131,0.131
33.0049,0.131,0,0.131
33.0079,0,0.136989,0.136989
33.0119,0.136989,0,0.136989
33.0149,0,0.142991,0.142991
33.0199,0.142991,0,0.142991
33.0669,0,0.0799993,0.0799993
33.0709,0.0799993,0,0.0799993
33.0719,0,0.077994,0.077994
33.0769,0.077994,0,0.077994
33.0899,0,0.092,0.092
33.1039,0.092,0,0.092
33.1059,0,0.0760167,0.0760167
33.1139,0.0760167,0,0.0760167
33.1139,0,0.0430117,0.0430117
33.1149,0.0430117,0,0.0430117
33.1399,0,0.0420039,0.0420039
33.14,0.0420039,0,0.0420039
33.1599,0,0.0549914,0.0549914
33.1719,0.0549914,0,0.0549914
33.1859,0,0.0789996,0.0789996
33.1899,0.0789996,0,0.0789996
33.1979,0,0.0579961,0.0579961
33.1999,0.0579961,0,0.0579961
33.2029,0,0.0629816,0.0629816
33.2059,0.0629816,0,0.0629816
33.2089,0,0.0669853,0.0669853
33.2129,0.0669853,0,0.0669853
33.2159,0,0.0440046,0.0440046
33.2659,0.0440046,0,0.0440046
33.2669,0,0.077,0.077
33.2679,0.077,0,0.077
33.2739,0,0.0650052,0.0650052
33.2769,0.0650052,0,0.0650052
33.2789,0,0.0629954,0.0629954
33.3159,0.0629954,0,0.0629954
33.3249,0,0.0539934,0.0539934
33.3289,0.0539934,0,0.0539934
33.3319,0,0.0599941,0.0599941
33.3359,0.0599941,0,0.0599941
33.3409,0,0.0669927,0.0669927
33.3459,0.0669927,0,0.0669927
33.3739,0,0.042,0.042
33.4369,0.042,0,0.042
33.4399,0,0.0709979,0.0709979
33.5149,0.0709979,0,0.0709979
33.5159,0,0.0769986,0.0769986
33.5489,0.0769986,0,0.0769986
33.5619,0,0.0459993,0.0459993
33.5949,0.0459993,0,0.0459993
33.5959,0,0.0470062,0.0470062
33.5969,0.0470062,0,0.0470062
33.5989,0,0.0479994,0.0479994
33.6009,0.0479994,0,0.0479994
33.6389,0,0.0440041,0.0440041
33.6439,0.0440041,0,0.0440041
33.6449,0,0.0449894,0.0449894
33.6459,0.0449894,0,0.0449894
33.6469,0,0.0460068,0.0460068
33.6479,0.0460068,0,0.0460068
33.6509,0,0.046989,0.046989
33.6519,0.046989,0,0.046989
33.7479,0,0.103991,0.103991
33.7569,0.103991,0,0.103991
33.7609,0,0.113989,0.113989
33.7649,0.113989,0,0.113989
33.7649,0,0.114006,0.114006
33.7669,0.114006,0,0.114006
33.7709,0,0.0990033,0.0990033
33.8019,0.0990033,0,0.0990033
33.8079,0,0.042994,0.042994
33.8099,0.042994,0,0.042994
33.8139,0,0.0469959,0.0469959
33.8179,0.0469959,0,0.0469959
33.8209,0,0.0499987,0.0499987
33.8229,0.0499987,0,0.0499987
33.8389,0,0.0450083,0.0450083
33.8499,0.0450083,0,0.0450083
33.8519,0,0.0420019,0.0420019
33.8629,0.0420019,0,0.0420019
33.9059,0,0.0829959,0.0829959
33.9069,0.0829959,0,0.0829959
33.9129,0,0.0699915,0.0699915
33.9179,0.0699915,0,0.0699915
33.9269,0,0.0769954,0.0769954
33.9309,0.0769954,0,0.0769954
33.9379,0,0.0859961,0.0859961
33.9389,0.0859961,0,0.0859961
33.9429,0,0.0859936,0.0859936
33.9479,0.0859936,0,0.0859936
33.9519,0,0.0909936,0.0909936
33.9579,0.0909936,0,0.0909936
33.9619,0,0.0989894,0.0989894
33.9659,0.0989894,0,0.0989894
33.9809,0,0.0549994,0.0549994
34.0249,0.0549994,0,0.0549994
34.0339,0,0.0950011,0.0950011
34.1079,0.0950011,0,0.0950011
34.1089,0,0.0620108,0.0620108
34.1259,0.0620108,0,0.0620108
34.1849,0,0.0799961,0.0799961
34.1909,0.0799961,0,0.0799961
34.1989,0,0.0929862,0.0929862
34.2059,0.0929862,0,0.0929862
34.2109,0,0.103987,0.103987
34.2179,0.103987,0,0.103987
34.2219,0,0.113995,0.113995
34.2259,0.113995,0,0.113995
34.2279,0,0.118991,0.118991
34.2299,0.118991,0,0.118991
34.2309,0,0.119999,0.119999
34.2329,0.119999,0,0.119999
34.2349,0,0.122997,0.122997
34.2369,0.122997,0,0.122997
34.2399,0,0.126995,0.126995
34.2429,0.126995,0,0.126995
34.2439,0,0.0450106,0.0450106
34.2479,0.0450106,0,0.0450106
34.2529,0,0.0420046,0.0420046
34.3849,0.0420046,0,0.0420046
34.3869,0,0.147005,0.147005
34.3879,0.147005,0,0.147005
34.3889,0,0.147,0.147
34.3899,0.147,0,0.147
34.3909,0,0.146998,0.146998
34.3919,0.146998,0,0.146998
34.3929,0,0.145006,0.145006
34.3959,0.145006,0,0.145006
34.3959,0,0.0899827,0.0899827
34.4169,0.0899827,0,0.0899827
34.4269,0,0.0419835,0.0419835
34.4329,0.0419835,0,0.0419835
34.4409,0,0.0539987,0.0539987
34.4449,0.0539987,0,0.0539987
34.4499,0,0.0629906,0.0629906
34.4549,0.0629906,0,0.0629906
34.4609,0,0.0709919,0.0709919
34.5049,0.0709919,0,0.0709919
34.5069,0,0.113992,0.113992
34.5079,0.113992,0,0.113992
34.5089,0,0.114996,0.114996
34.5109,0.114996,0,0.114996
34.5129,0,0.0860006,0.0860006
34.5139,0.0860006,0,0.0860006
34.5159,0,0.0660112,0.0660112
34.5689,0.0660112,0,0.0660112
34.5729,0,0.0609934,0.0609934
34.5739,0.0609934,0,0.0609934
34.7079,0,0.19399,0.19399
34.7109,0.19399,0,0.19399
34.7129,0,0.198991,0.198991
34.7179,0.198991,0,0.198991
34.7209,0,0.204989,0.204989
34.7239,0.204989,0,0.204989
34.7259,0,0.208994,0.208994
34.7299,0.208994,0,0.208994
34.7339,0,0.16499,0.16499
34.7349,0.16499,0,0.16499
34.7369,0,0.165999,0.165999
34.7409,0.165999,0,0.165999
34.7459,0,0.171987,0.171987
34.7479,0.171987,0,0.171987
34.7529,0,0.158987,0.158987
34.7789,0.158987,0,0.158987
34.7799,0,0.0429959,0.0429959
34.8659,0.0429959,0,0.0429959
34.8699,0,0.124995,0.124995
34.8829,0.124995,0,0.124995
34.8899,0,0.126996,0.126996
34.8939,0.126996,0,0.126996
34.8949,0,0.125001,0.125001
34.9019,0.125001,0,0.125001
34.9109,0,0.126975,0.126975
34.9129,0.126975,0,0.126975
34.9359,0,0.0420039,0.0420039
34.9389,0.0420039,0,0.0420039
34.9889,0,0.087006,0.087006
35.0089,0.087006,0,0.087006
35.2049,0,0.297995,0.297995
35.2139,0.297995,0,0.297995
35.2669,0,0.353994,0.353994
35.2689,0.353994,0,0.353994
35.2709,0,0.350006,0.350006
35.2719,0.350006,0,0.350006
35.2729,0,0.348002,0.348002
35.2759,0.348002,0,0.348002
35.2779,0,0.352003,0.352003
35.2789,0.352003,0,0.352003
35.2789,0,0.347003,0.347003
35.2809,0.347003,0,0.347003
35.2829,0,0.346998,0.346998
35.2859,0.346998,0,0.346998
35.2879,0,0.348999,0.348999
35.2889,0.348999,0,0.348999
35.2899,0,0.346002,0.346002
35.2959,0.346002,0,0.346002
35.2989,0,0.0669967,0.0669967
35.2999,0.0669967,0,0.0669967
35.3239,0,0.052994,0.052994
35.3399,0.052994,0,0.052994
35.5129,0,0.234996,0.234996
35.5459,0.234996,0,0.234996
35.5509,0,0.271997,0.271997
35.5569,0.271997,0,0.271997
35.5609,0,0.277998,0.277998
35.5729,0.277998,0,0.277998
35.5769,0,0.283995,0.283995
35.5809,0.283995,0,0.283995
35.5889,0,0.292994,0.292994
35.5979,0.292994,0,0.292994
35.6089,0,0.309993,0.309993
35.6719,0.309993,0,0.309993
35.6729,0,0.116008,0.116008
35.6739,0.116008,0,0.116008
35.6769,0,0.106007,0.106007
35.6799,0.106007,0,0.106007
35.6799,0,0.103005,0.103005
35.6809,0.103005,0,0.103005
35.6809,0,0.0940021,0.0940021
35.6829,0.0940021,0,0.0940021
35.6849,0,0.0959986,0.0959986
35.6869,0.0959986,0,0.0959986
35.7859,0,0.119997,0.119997
35.7889,0.119997,0,0.119997
35.7899,0,0.120998,0.120998
35.7919,0.120998,0,0.120998
35.7939,0,0.123989,0.123989
35.7949,0.123989,0,0.123989
35.7969,0,0.124997,0.124997
35.7989,0.124997,0,0.124997
35.7999,0,0.127,0.127
35.8039,0.127,0,0.127
35.8059,0,0.128993,0.128993
35.8089,0.128993,0,0.128993
35.8099,0,0.129001,0.129001
35.8149,0.129001,0,0.129001
35.9919,0,0.188993,0.188993
36.0049,0.188993,0,0.188993
36.0129,0,0.204994,0.204994
36.0689,0.204994,0,0.204994
36.0799,0,0.265997,0.265997
36.0859,0.265997,0,0.265997
36.0909,0,0.276,0.276
36.0979,0.276,0,0.276
36.1029,0,0.284995,0.284995
36.1859,0.284995,0,0.284995
36.1949,0,0.26399,0.26399
36.1959,0.26399,0,0.26399
36.1979,0,0.227993,0.227993
36.2019,0.227993,0,0.227993
36.2059,0,0.233995,0.233995
36.2119,0.233995,0,0.233995
36.2179,0,0.226001,0.226001
36.2229,0.226001,0,0.226001
36.3059,0,0.297002,0.297002
36.3169,0.297002,0,0.297002
36.3189,0,0.239004,0.239004
36.3249,0.239004,0,0.239004
36.3289,0,0.238001,0.238001
36.3309,0.238001,0,0.238001
36.3349,0,0.143998,0.143998
36.3449,0.143998,0,0.143998
36.3469,0,0.141,0.141
36.3479,0.141,0,0.141
36.3509,0,0.132999,0.132999
36.3589,0.132999,0,0.132999
36.3609,0,0.043998,0.043998
36.3609,0.043998,0,0.043998
36.3619,0,0.0430023,0.0430023
36.3669,0.0430023,0,0.0430023
36.4649,0,0.120003,0.120003
36.7449,0.120003,0,0.120003
36.7489,0,0.400989,0.400989
36.7539,0.400989,0,0.400989
36.7609,0,0.408993,0.408993
36.7639,0.408993,0,0.408993
36.7699,0,0.415,0.415
36.7709,0.415,0,0.415
36.7759,0,0.414993,0.414993
36.7809,0.414993,0,0.414993
36.7849,0,0.417988,0.417988
36.7879,0.417988,0,0.417988
36.7919,0,0.422996,0.422996
36.7969,0.422996,0,0.422996
36.8029,0,0.429998,0.429998
36.8039,0.429998,0,0.429998
36.8069,0,0.429994,0.429994
36.8119,0.429994,0,0.429994
36.8159,0,0.433996,0.433996
36.8159,0.433996,0,0.433996
36.8209,0,0.436998,0.436998
36.8239,0.436998,0,0.436998
36.8669,0,0.401995,0.401995
36.8679,0.401995,0,0.401995
36.8779,0,0.287967,0.287967
36.8799,0.287967,0,0.287967
36.8959,0,0.124999,0.124999
36.8989,0.124999,0,0.124999
36.9119,0,0.119999,0.119999
36.9239,0.119999,0,0.119999
36.9299,0,0.108998,0.108998
36.9369,0.108998,0,0.108998
37.1099,0,0.196,0.196
37.1109,0.196,0,0.196
37.1129,0,0.183002,0.183002
37.1129,0.183002,0,0.183002
37.1199,0,0.0759923,0.0759923
37.1539,0.0759923,0,0.0759923
37.1559,0,0.0430081,0.0430081
37.1579,0.0430081,0,0.0430081
37.1609,0,0.0470058,0.0470058
37.1629,0.0470058,0,0.0470058
37.1639,0,0.0450066,0.0450066
37.2029,0.0450066,0,0.0450066
37.2059,0,0.0499899,0.0499899
37.2099,0.0499899,0,0.0499899
37.2169,0,0.0589897,0.0589897
37.2169,0.0589897,0,0.0589897
37.2219,0,0.0609921,0.0609921
37.3059,0.0609921,0,0.0609921
37.3129,0,0.149997,0.149997
37.3169,0.149997,0,0.149997
37.3209,0,0.156989,0.156989
37.3279,0.156989,0,0.156989
37.3349,0,0.129003,0.129003
37.3869,0.129003,0,0.129003
37.3879,0,0.071,0.071
37.3899,0.071,0,0.071
37.3919,0,0.0579974,0.0579974
37.3939,0.0579974,0,0.0579974
37.5049,0,0.119989,0.119989
37.5059,0.119989,0,0.119989
37.5089,0,0.122994,0.122994
37.5109,0.122994,0,0.122994
37.5119,0,0.124998,0.124998
37.5139,0.124998,0,0.124998
37.5169,0,0.128,0.128
37.5189,0.128,0,0.128
37.5209,0,0.130997,0.130997
37.5229,0.130997,0,0.130997
37.5259,0,0.132001,0.132001
37.5279,0.132001,0,0.132001
37.5319,0,0.129991,0.129991
37.5329,0.129991,0,0.129991
37.5329,0,0.101992,0.101992
37.8319,0.101992,0,0.101992
37.8349,0,0.320992,0.320992
37.8529,0.320992,0,0.320992
37.8579,0,0.326992,0.326992
37.8609,0.326992,0,0.326992
37.8689,0,0.335993,0.335993
37.8759,0.335993,0,0.335993
37.8789,0,0.141985,0.141985
37.8829,0.141985,0,0.141985
37.9239,0,0.0550064,0.0550064
37.9249,0.0550064,0,0.0550064
37.9849,0,0.0959979,0.0959979
37.9859,0.0959979,0,0.0959979
37.9889,0,0.076,0.076
38.0019,0.076,0,0.076
38.0379,0,0.0520013,0.0520013
38.0439,0.0520013,0,0.0520013
38.0499,0,0.061,0.061
38.0569,0.061,0,0.061
38.0739,0,0.062,0.062
38.1059,0.062,0,0.062
38.1069,0,0.0630062,0.0630062
38.1079,0.0630062,0,0.0630062
38.1079,0,0.0510167,0.0510167
38.1649,0.0510167,0,0.0510167
38.3639,0,0.257996,0.257996
38.3849,0.257996,0,0.257996
38.3869,0,0.280997,0.280997
38.3909,0.280997,0,0.280997
38.3939,0,0.285992,0.285992
38.3969,0.285992,0,0.285992
38.3999,0,0.283996,0.283996
38.4029,0.283996,0,0.283996
38.4049,0,0.288996,0.288996
38.4099,0.288996,0,0.288996
38.4359,0,0.0489959,0.0489959
38.4439,0.0489959,0,0.0489959
38.4489,0,0.0579968,0.0579968
38.4549,0.0579968,0,0.0579968
38.5639,0,0.167,0.167
38.5719,0.167,0,0.167
38.5789,0,0.176,0.176
38.5809,0.176,0,0.176
38.6349,0,0.224999,0.224999
38.6439,0.224999,0,0.224999
38.6509,0,0.058,0.058
38.7449,0.058,0,0.058
38.7459,0,0.106999,0.106999
38.7469,0.106999,0,0.106999
38.7479,0,0.108002,0.108002
38.7499,0.108002,0,0.108002
38.8169,0,0.058993,0.058993
38.8649,0.058993,0,0.058993
38.8649,0,0.0870021,0.0870021
38.8659,0.0870021,0,0.0870021
38.8659,0,0.072003,0.072003
38.8819,0.072003,0,0.072003
38.9849,0,0.118999,0.118999
38.9859,0.118999,0,0.118999
38.9869,0,0.120993,0.120993
38.9889,0.120993,0,0.120993
39.0959,0,0.109987,0.109987
39.1049,0.109987,0,0.109987
39.1089,0,0.121996,0.121996
39.1129,0.121996,0,0.121996
39.1159,0,0.126996,0.126996
39.1199,0.126996,0,0.126996
39.1229,0,0.133993,0.133993
39.1279,0.133993,0,0.133993
39.1299,0,0.120987,0.120987
39.2269,0.120987,0,0.120987
39.2299,0,0.100002,0.100002
39.2319,0.100002,0,0.100002
39.2399,0,0.042998,0.042998
39.3459,0.042998,0,0.042998
39.3529,0,0.124994,0.124994
39.3569,0.124994,0,0.124994
39.3609,0,0.130998,0.130998
39.3669,0.130998,0,0.130998
39.3689,0,0.0859919,0.0859919
39.3989,0.0859919,0,0.0859919
39.4049,0,0.0530041,0.0530041
39.4069,0.0530041,0,0.0530041
39.4079,0,0.0550062,0.0550062
39.4109,0.0550062,0,0.0550062
39.4129,0,0.06,0.06
39.4169,0.06,0,0.06
39.4169,0,0.048004,0.048004
39.4369,0.048004,0,0.048004
39.5389,0,0.123992,0.123992
39.5439,0.123992,0,0.123992
39.5859,0,0.169002,0.169002
39.5909,0.169002,0,0.169002
39.6289,0,0.0649799,0.0649799
39.6349,0.0649799,0,0.0649799
39.6399,0,0.0470027,0.0470027
39.6439,0.0470027,0,0.0470027
39.6479,0,0.0499921,0.0499921
39.6509,0.0499921,0,0.0499921
39.6549,0,0.0459979,0.0459979
39.8249,0.0459979,0,0.0459979
39.8249,0,0.191994,0.191994
39.8259,0.191994,0,0.191994
39.8269,0,0.192,0.192
39.8279,0.192,0,0.192
39.8289,0,0.188994,0.188994
39.8299,0.188994,0,0.188994
39.8309,0,0.184,0.184
39.8319,0.184,0,0.184
39.8319,0,0.18501,0.18501
39.8429,0.18501,0,0.18501
39.9739,0,0.146996,0.146996
39.9859,0.146996,0,0.146996
39.9899,0,0.159991,0.159991
39.9939,0.159991,0,0.159991
