1.09993,0,0.099
1.14593,0.099,0.092375
1.22593,0.092375,0.0965781
1.27493,0.0965781,0.100631
1.27493,0.100631,0.094177
1.32393,0.094177,0.0885299
1.32393,0.0885299,0.0835886
1.32393,0.0835886,0.0792651
1.37293,0.0792651,0.0754819
1.37293,0.0754819,0.0721717
1.37293,0.0721717,0.0692752
1.37293,0.0692752,0.0667408
1.42593,0.0667408,0.0711482
1.42593,0.0711482,0.0688797
1.42593,0.0688797,0.0668947
1.42593,0.0668947,0.0651579
1.42593,0.0651579,0.0636382
1.42593,0.0636382,0.0623084
1.58593,0.0623084,0.0811448
1.58593,0.0811448,0.0910017
1.58593,0.0910017,0.0996265
1.58593,0.0996265,0.107173
1.58593,0.107173,0.113777
1.58593,0.113777,0.119554
1.58593,0.119554,0.12461
1.58594,0.12461,0.129034
1.58693,0.129034,0.13303
1.66593,0.13303,0.146401
1.66593,0.146401,0.138101
1.66593,0.138101,0.130838
1.66593,0.130838,0.124483
1.66593,0.124483,0.118923
1.66593,0.118923,0.114058
1.66593,0.114058,0.1098
1.66594,0.1098,0.106075
1.66693,0.106075,0.102941
1.66693,0.102941,0.100198
1.66693,0.100198,0.0977985
1.66693,0.0977985,0.0956987
1.66693,0.0956987,0.0938614
1.66693,0.0938614,0.0921287
1.78593,0.0921287,0.0956126
1.78593,0.0956126,0.098661
1.78593,0.098661,0.101328
1.78593,0.101328,0.103662
1.78593,0.103662,0.105705
1.78593,0.105705,0.107491
1.78593,0.107491,0.109055
1.78594,0.109055,0.110423
1.78693,0.110423,0.111745
1.78693,0.111745,0.112902
1.78693,0.112902,0.113914
1.78693,0.113914,0.1148
1.78693,0.1148,0.11545
1.78693,0.11545,0.116019
1.78693,0.116019,0.116516
1.78694,0.116516,0.116952
1.78793,0.116952,0.117458
1.78793,0.117458,0.117901
1.78793,0.117901,0.118288
1.78793,0.118288,0.118627
1.78793,0.118627,0.118924
1.83493,0.118924,0.110183
1.83493,0.110183,0.102535
1.83493,0.102535,0.0958434
1.83593,0.0958434,0.090113
1.83593,0.090113,0.0850989
1.83593,0.0850989,0.0807115
1.83693,0.0807115,0.0769976
1.83693,0.0769976,0.0737479
1.83693,0.0737479,0.0709044
1.83793,0.0709044,0.0685413
1.83793,0.0685413,0.0664737
1.83793,0.0664737,0.0646645
1.83893,0.0646645,0.0630814
1.83893,0.0630814,0.0616962
1.83893,0.0616962,0.0604842
1.83993,0.0604842,0.0595487
1.83993,0.0595487,0.0587301
1.83993,0.0587301,0.0580138
1.84093,0.0580138,0.0575121
1.84093,0.0575121,0.0570731
1.84093,0.0570731,0.0566889
2.00593,0.0566889,0.0554778
2.00593,0.0554778,0.0544181
2.00593,0.0544181,0.0533658
2.00693,0.0533658,0.0525701
2.05093,0.0525701,0.0572488
2.05093,0.0572488,0.0562177
2.05093,0.0562177,0.0553155
2.05093,0.0553155,0.0545261
2.05193,0.0545261,0.0538353
2.05193,0.0538353,0.0532309
2.05193,0.0532309,0.052702
2.05193,0.052702,0.0522393
2.05193,0.0522393,0.0517094
2.05293,0.0517094,0.0513707
2.05293,0.0513707,0.0510744
2.05293,0.0510744,0.0506901
2.05293,0.0506901,0.0503538
2.05293,0.0503538,0.0500596
2.05393,0.0500596,0.0499271
2.05393,0.0499271,0.0496862
2.05393,0.0496862,0.0494755
2.05493,0.0494755,0.049416
2.05493,0.049416,0.049364
2.05593,0.049364,0.0494435
2.10093,0.0494435,0.0550131
2.10093,0.0550131,0.0543864
2.10093,0.0543864,0.0538381
2.10193,0.0538381,0.0534834
2.10193,0.0534834,0.0531729
2.10193,0.0531729,0.0527763
2.10293,0.0527763,0.0525543
2.10293,0.0525543,0.05236
2.10293,0.05236,0.05219
2.10393,0.05219,0.0521662
2.10393,0.0521662,0.0520205
2.10393,0.0520205,0.0518929
2.10493,0.0518929,0.0519063
2.10493,0.0519063,0.051918
2.10493,0.051918,0.0519283
2.14593,0.0519283,0.0569372
2.14593,0.0569372,0.0613201
2.14593,0.0613201,0.0651551
2.14693,0.0651551,0.0685107
2.14693,0.0685107,0.0714468
2.14693,0.0714468,0.073891
2.14793,0.073891,0.0705296
2.14793,0.0705296,0.0675884
2.14793,0.0675884,0.0650149
2.14993,0.0650149,0.062888
2.14993,0.062888,0.061027
2.14993,0.061027,0.0593986
2.15093,0.0593986,0.0579738
2.15093,0.0579738,0.0567271
2.15093,0.0567271,0.0556362
2.15193,0.0556362,0.0546817
2.15193,0.0546817,0.0538465
2.15193,0.0538465,0.0531156
2.15293,0.0531156,0.0524762
2.15393,0.0524762,0.0520417
2.26593,0.0520417,0.0656615
2.26593,0.0656615,0.0724538
2.26593,0.0724538,0.0783971
2.26693,0.0783971,0.0837224
2.26693,0.0837224,0.0882571
2.26693,0.0882571,0.092225
2.26793,0.092225,0.0958219
2.26793,0.0958219,0.0988441
2.26793,0.0988441,0.101489
2.26893,0.101489,0.103928
2.26893,0.103928,0.105812
2.26893,0.105812,0.10746
2.26993,0.10746,0.109028
2.26993,0.109028,0.110274
2.26993,0.110274,0.111365
2.27093,0.111365,0.112444
2.27093,0.112444,0.113264
2.27093,0.113264,0.113981
2.27193,0.113981,0.114733
2.27193,0.114733,0.115267
2.27193,0.115267,0.115608
2.62593,0.115608,0.146157
2.62593,0.146157,0.172888
2.62593,0.172888,0.196277
2.62593,0.196277,0.216617
2.62593,0.216617,0.234415
2.62593,0.234415,0.249988
2.70893,0.249988,0.22874
2.82593,0.22874,0.209147
2.82593,0.209147,0.192004
2.82593,0.192004,0.177003
2.90593,0.177003,0.173753
2.90593,0.173753,0.162034
2.90593,0.162034,0.15178
2.90593,0.15178,0.142807
2.98593,0.142807,0.144956
2.98593,0.144956,0.136837
2.98593,0.136837,0.129732
2.98593,0.129732,0.123516
3.06593,0.123516,0.128076
3.06593,0.128076,0.122067
3.06593,0.122067,0.116808
3.06593,0.116808,0.112207
3.07693,0.112207,0.109556
3.11493,0.109556,0.101987
3.11493,0.101987,0.0953634
3.11493,0.0953634,0.089568
3.11493,0.089568,0.084497
3.26593,0.084497,0.0975599
3.26593,0.0975599,0.10424
3.26593,0.10424,0.110085
3.26593,0.110085,0.115199
3.28493,0.115199,0.122049
3.38593,0.122049,0.140668
3.38593,0.140668,0.138085
3.38593,0.138085,0.135824
3.38693,0.135824,0.133971
3.38693,0.133971,0.13235
3.47193,0.13235,0.139181
3.47193,0.139181,0.132533
3.47193,0.132533,0.126717
3.47193,0.126717,0.121627
3.49693,0.121627,0.120174
3.54593,0.120174,0.125027
3.54593,0.125027,0.118649
3.54593,0.118649,0.113068
3.54693,0.113068,0.108309
3.54693,0.108309,0.104145
3.54693,0.104145,0.0973773
3.62593,0.0973773,0.0952051
3.62593,0.0952051,0.0933045
3.62593,0.0933045,0.0916414
3.62593,0.0916414,0.0900612
3.62693,0.0900612,0.0888036
3.62693,0.0888036,0.0877031
3.70593,0.0877031,0.0867402
3.70593,0.0867402,0.0858977
3.70593,0.0858977,0.0851605
3.70593,0.0851605,0.0845154
3.70593,0.0845154,0.083951
3.70593,0.083951,0.0833321
3.78593,0.0833321,0.0927906
3.78593,0.0927906,0.0911918
3.78593,0.0911918,0.0897928
3.78593,0.0897928,0.0885687
3.78693,0.0885687,0.0876226
3.78693,0.0876226,0.0867948
3.86593,0.0867948,0.0959454
4.02593,0.0959454,0.103827
4.02593,0.103827,0.100849
4.02593,0.100849,0.0981177
4.14593,0.0981177,0.100853
4.14593,0.100853,0.103246
4.14593,0.103246,0.105341
4.19493,0.105341,0.098298
4.19493,0.098298,0.0921358
4.19493,0.0921358,0.0867438
4.24393,0.0867438,0.0820258
4.24393,0.0820258,0.0778976
4.24393,0.0778976,0.0742854
4.29293,0.0742854,0.0772497
4.29293,0.0772497,0.0737185
4.29293,0.0737185,0.0706287
4.34193,0.0706287,0.0740501
4.34193,0.0740501,0.0709188
4.34193,0.0709188,0.068179
4.34293,0.068179,0.0659066
4.50593,0.0659066,0.0781683
4.50593,0.0781683,0.0888972
4.50593,0.0888972,0.0982851
4.50693,0.0982851,0.106499
4.74593,0.106499,0.123187
4.74593,0.123187,0.137789
4.74593,0.137789,0.150565
4.74693,0.150565,0.161744
4.75593,0.161744,0.172651
4.79493,0.172651,0.157195
4.79493,0.157195,0.143671
4.79493,0.143671,0.131837
4.79493,0.131837,0.121357
5.22593,0.121357,0.164938
5.22593,0.164938,0.198195
5.22593,0.198195,0.227296
5.22593,0.227296,0.252759
5.24593,0.252759,0.277539
5.31393,0.277539,0.253847
5.31393,0.253847,0.233116
5.31393,0.233116,0.214976
5.31393,0.214976,0.199104
5.36293,0.199104,0.188841
5.54593,0.188841,0.180236
5.54593,0.180236,0.172707
5.66593,0.172707,0.166118
5.66593,0.166118,0.160353
5.71493,0.160353,0.146434
5.71493,0.146434,0.134255
5.76393,0.134255,0.123598
5.76393,0.123598,0.114273
5.82593,0.114273,0.113864
5.82593,0.113864,0.107381
5.90593,0.107381,0.111709
5.90593,0.111709,0.107745
5.90593,0.107745,0.104277
6.18593,0.104277,0.126242
6.18593,0.126242,0.145462
6.18593,0.145462,0.162279
6.42593,0.162279,0.171994
6.42593,0.171994,0.180495
6.42593,0.180495,0.187933
6.47493,0.187933,0.170566
6.47493,0.170566,0.155371
6.47493,0.155371,0.142074
6.52393,0.142074,0.136565
6.52393,0.136565,0.125619
6.52393,0.125619,0.116042
6.57293,0.116042,0.113787
6.57293,0.113787,0.105688
6.57293,0.105688,0.0986024
6.57293,0.0986024,0.0924021
6.66593,0.0924021,0.0924768
6.66593,0.0924768,0.0925422
6.66593,0.0925422,0.0925994
6.66593,0.0925994,0.0926495
6.78593,0.0926495,0.0960683
6.78593,0.0960683,0.0990598
6.78593,0.0990598,0.101677
6.78593,0.101677,0.103968
6.83493,0.103968,0.112097
6.83493,0.112097,0.10421
6.83493,0.10421,0.0973084
6.83493,0.0973084,0.0912698
6.88393,0.0912698,0.0921111
6.88393,0.0921111,0.0867222
6.88393,0.0867222,0.0820069
6.88393,0.0820069,0.0778811
6.93293,0.0778811,0.0803959
6.93293,0.0803959,0.0764714
6.93293,0.0764714,0.0730375
6.93393,0.0730375,0.0701578
6.93393,0.0701578,0.0676381
6.98193,0.0676381,0.0653083
6.98193,0.0653083,0.0632698
6.98193,0.0632698,0.0614861
6.98193,0.0614861,0.0598003
6.98193,0.0598003,0.0583253
7.18593,0.0583253,0.0765346
7.18593,0.0765346,0.0924678
7.18593,0.0924678,0.106409
7.18693,0.106409,0.118733
7.18693,0.118733,0.129517
7.23393,0.129517,0.144827
7.23393,0.144827,0.132724
7.23393,0.132724,0.122133
7.23393,0.122133,0.112866
7.23393,0.112866,0.104633
7.23393,0.104633,0.097429
7.28293,0.097429,0.0913754
7.28293,0.0913754,0.0860785
7.28293,0.0860785,0.0814437
7.28293,0.0814437,0.0773882
7.28293,0.0773882,0.0738397
7.28293,0.0738397,0.0707347
7.33193,0.0707347,0.0680179
7.33193,0.0680179,0.0656406
7.33193,0.0656406,0.0635606
7.33193,0.0635606,0.0617405
7.33193,0.0617405,0.0601479
7.33193,0.0601479,0.0587544
7.38093,0.0587544,0.0575351
7.38093,0.0575351,0.0564682
7.38093,0.0564682,0.0555347
7.38093,0.0555347,0.0547179
7.38093,0.0547179,0.0540031
7.38093,0.0540031,0.0533777
7.46593,0.0533777,0.0634555
7.46593,0.0634555,0.0661486
7.46593,0.0661486,0.068505
7.46593,0.068505,0.0705669
7.46693,0.0705669,0.072496
7.46693,0.072496,0.074184
7.51493,0.074184,0.081661
7.51493,0.081661,0.0775784
7.51493,0.0775784,0.0740061
7.51493,0.0740061,0.0708803
7.51593,0.0708803,0.0682703
7.51593,0.0682703,0.0658615
7.51593,0.0658615,0.0637538
7.56393,0.0637538,0.0619096
7.56393,0.0619096,0.0602959
7.56393,0.0602959,0.0588839
7.56493,0.0588839,0.0577734
7.56493,0.0577734,0.0566767
7.56493,0.0566767,0.0557171
7.56593,0.0557171,0.0550025
7.74593,0.0550025,0.0708772
7.74593,0.0708772,0.0847675
7.74593,0.0847675,0.0969216
7.74593,0.0969216,0.107431
7.74593,0.107431,0.116627
7.74593,0.116627,0.124674
7.74593,0.124674,0.13159
7.86593,0.13159,0.130141
7.86593,0.130141,0.128873
7.86593,0.128873,0.127764
7.86593,0.127764,0.126794
7.86693,0.126794,0.12607
7.86693,0.12607,0.125436
7.86693,0.125436,0.124881
7.98593,0.124881,0.139271
7.98593,0.139271,0.136862
7.98593,0.136862,0.134754
7.98593,0.134754,0.13291
7.98693,0.13291,0.131421
7.98693,0.131421,0.129994
7.98693,0.129994,0.128745
8.03493,0.128745,0.133651
8.03493,0.133651,0.12307
8.03493,0.12307,0.113811
8.03593,0.113811,0.105835
8.03593,0.105835,0.0988555
8.03593,0.0988555,0.0926236
8.03693,0.0926236,0.0872956
8.03693,0.0872956,0.0826337
8.30593,0.0826337,0.106179
8.30593,0.106179,0.126782
8.30593,0.126782,0.144809
8.30693,0.144809,0.160583
8.30693,0.160583,0.174385
8.30693,0.174385,0.186462
8.30793,0.186462,0.197029
8.30793,0.197029,0.206276
8.42593,0.206276,0.195491
8.42593,0.195491,0.186055
8.42593,0.186055,0.177798
8.42693,0.177798,0.170573
8.42693,0.170573,0.164252
8.42693,0.164252,0.15872
8.42793,0.15872,0.154005
8.42793,0.154005,0.149754
8.70593,0.149754,0.180785
8.70593,0.180785,0.193187
8.70593,0.193187,0.204039
8.70593,0.204039,0.213534
8.70693,0.213534,0.221842
8.70693,0.221842,0.229112
8.70693,0.229112,0.235473
8.70693,0.235473,0.240914
8.70693,0.240914,0.245675
8.90593,0.245675,0.239965
8.90593,0.239965,0.23497
8.90593,0.23497,0.230598
8.90693,0.230598,0.226899
8.90693,0.226899,0.223536
8.90693,0.223536,0.220594
8.90793,0.220594,0.218145
8.90793,0.218145,0.216002
8.90793,0.216002,0.214127
9.18593,0.214127,0.222361
9.18593,0.222361,0.229566
9.18593,0.229566,0.23587
9.18593,0.23587,0.241261
9.18693,0.241261,0.246104
9.18693,0.246104,0.250341
9.38593,0.250341,0.229048
9.38593,0.229048,0.210417
9.38593,0.210417,0.19399
9.46593,0.19399,0.179741
9.46593,0.179741,0.167274
9.46593,0.167274,0.156364
9.46593,0.156364,0.146819
9.51493,0.146819,0.134591
9.51493,0.134591,0.123893
9.51493,0.123893,0.114531
9.51493,0.114531,0.10634
9.70593,0.10634,0.123047
9.70593,0.123047,0.131541
9.70593,0.131541,0.138974
9.70593,0.138974,0.145477
9.75493,0.145477,0.157292
9.75493,0.157292,0.143756
9.75493,0.143756,0.131911
9.75593,0.131911,0.121672
9.75593,0.121672,0.112713
9.82593,0.112713,0.107499
9.82593,0.107499,0.102937
9.82593,0.102937,0.0989447
9.82593,0.0989447,0.0953266
9.84693,0.0953266,0.0947858
9.87493,0.0947858,0.0890625
9.87493,0.0890625,0.0840547
9.87493,0.0840547,0.0796729
9.87593,0.0796729,0.0759638
9.89593,0.0759638,0.0725933
9.98593,0.0725933,0.0808941
9.98593,0.0808941,0.0846574
9.98593,0.0846574,0.0879502
9.98593,0.0879502,0.0908314
9.98593,0.0908314,0.0932275
10.0349,0.0932275,0.0989491
10.0349,0.0989491,0.0927054
10.0349,0.0927054,0.0872422
10.0349,0.0872422,0.082462
10.0559,0.082462,0.0809042
10.1059,0.0809042,0.0857912
10.1059,0.0857912,0.0839423
10.1059,0.0839423,0.0823245
10.1059,0.0823245,0.0809089
10.1059,0.0809089,0.0796703
10.1059,0.0796703,0.0759615
10.1859,0.0759615,0.0764663
10.1859,0.0764663,0.076908
10.1859,0.076908,0.0772945
10.1869,0.0772945,0.0777577
10.1869,0.0777577,0.078163
10.1869,0.078163,0.0785176
10.2349,0.0785176,0.0748279
10.2349,0.0748279,0.0715994
10.2349,0.0715994,0.0687745
10.2349,0.0687745,0.0663027
10.2349,0.0663027,0.0640149
10.2349,0.0640149,0.062013
10.3059,0.062013,0.0691364
10.3059,0.0691364,0.0693693
10.3059,0.0693693,0.0695732
10.3069,0.0695732,0.0698765
10.3069,0.0698765,0.0701419
10.3069,0.0701419,0.0703742
10.3549,0.0703742,0.0765774
10.3549,0.0765774,0.0731303
10.3549,0.0731303,0.070114
10.3549,0.070114,0.0674747
10.3559,0.0674747,0.0651654
10.3559,0.0651654,0.0631447
10.4039,0.0631447,0.0613766
10.4039,0.0613766,0.0598295
10.4039,0.0598295,0.0584758
10.4039,0.0584758,0.0572914
10.4049,0.0572914,0.0562549
10.4049,0.0562549,0.0553481
10.4049,0.0553481,0.0545546
10.4529,0.0545546,0.0538602
10.4529,0.0538602,0.0532527
10.4529,0.0532527,0.0527211
10.4539,0.0527211,0.052381
10.4539,0.052381,0.0519584
10.4539,0.0519584,0.0515886
10.4549,0.0515886,0.05139
10.5459,0.05139,0.0625912
10.5459,0.0625912,0.0663923
10.5459,0.0663923,0.0697183
10.5459,0.0697183,0.0726285
10.5459,0.0726285,0.0750499
10.5459,0.0750499,0.0771687
10.5459,0.0771687,0.0790226
10.6259,0.0790226,0.0905198
10.6259,0.0905198,0.0892048
10.6259,0.0892048,0.0880542
10.6259,0.0880542,0.0870474
10.6269,0.0870474,0.0862915
10.6269,0.0862915,0.0856301
10.6269,0.0856301,0.0850513
10.7059,0.0850513,0.0944199
10.7059,0.0944199,0.0926174
10.7059,0.0926174,0.0910402
10.7069,0.0910402,0.0897852
10.7069,0.0897852,0.0886871
10.7069,0.0886871,0.0876012
10.7079,0.0876012,0.086776
10.7079,0.086776,0.086054
10.7549,0.086054,0.0814223
10.7549,0.0814223,0.0773695
10.7549,0.0773695,0.0738233
10.7549,0.0738233,0.0705954
10.7549,0.0705954,0.067771
10.7549,0.067771,0.0652996
10.7549,0.0652996,0.0630121
10.7549,0.0630121,0.0610106
10.8659,0.0610106,0.0672593
10.8659,0.0672593,0.0727269
10.8659,0.0727269,0.077511
10.8659,0.077511,0.0816971
10.8669,0.0816971,0.085485
10.8669,0.085485,0.0887994
10.8669,0.0887994,0.0916995
10.8669,0.0916995,0.094237
10.9459,0.094237,0.106332
10.9459,0.106332,0.103041
10.9459,0.103041,0.100161
10.9459,0.100161,0.0976406
10.9459,0.0976406,0.0954356
10.9459,0.0954356,0.0933811
10.9459,0.0933811,0.0915835
10.9459,0.0915835,0.0900105
11.0259,0.0900105,0.0986342
11.0259,0.0986342,0.0963049
11.0259,0.0963049,0.0942668
11.0269,0.0942668,0.0926085
11.0269,0.0926085,0.0911574
11.0269,0.0911574,0.0898877
11.0279,0.0898877,0.0889018
11.0279,0.0889018,0.088039
11.0279,0.088039,0.0872842
11.0749,0.0872842,0.0824986
11.0749,0.0824986,0.0783113
11.0749,0.0783113,0.0746474
11.0759,0.0746474,0.0714415
11.0759,0.0714415,0.0686363
11.0759,0.0686363,0.0661818
11.0769,0.0661818,0.064034
11.0769,0.064034,0.0621548
11.0769,0.0621548,0.0605104
11.1239,0.0605104,0.0590716
11.1239,0.0590716,0.0578127
11.1239,0.0578127,0.0567111
11.1249,0.0567111,0.0557472
11.1249,0.0557472,0.0549038
11.1249,0.0549038,0.0541658
11.1299,0.0541658,0.0541451
11.1299,0.0541451,0.054002
11.1299,0.054002,0.0538767
11.1739,0.0538767,0.0592671
11.1739,0.0592671,0.0581087
11.1739,0.0581087,0.0570951
11.1739,0.0570951,0.0562082
11.1739,0.0562082,0.0553072
11.1739,0.0553072,0.0545188
11.1739,0.0545188,0.053829
11.1739,0.053829,0.0526003
11.1739,0.0526003,0.0515253
11.2659,0.0515253,0.0620846
11.2659,0.0620846,0.0658241
11.2659,0.0658241,0.069096
11.2659,0.069096,0.071959
11.2669,0.071959,0.0745892
11.2669,0.0745892,0.0768905
11.2669,0.0768905,0.0789042
11.2669,0.0789042,0.0806662
11.2669,0.0806662,0.0822079
11.2869,0.0822079,0.0860569
11.3859,0.0860569,0.0902998
11.3859,0.0902998,0.0940123
11.3859,0.0940123,0.0972608
11.3869,0.0972608,0.100228
11.3869,0.100228,0.1027
11.3869,0.1027,0.104862
11.3879,0.104862,0.106879
11.3879,0.106879,0.108644
11.3879,0.108644,0.110189
11.3889,0.110189,0.109165
11.5059,0.109165,0.11052
11.5059,0.11052,0.111705
11.5059,0.111705,0.112742
11.5059,0.112742,0.113524
11.5059,0.113524,0.114208
11.5059,0.114208,0.114807
11.5059,0.114807,0.115206
11.5059,0.115206,0.115556
11.5059,0.115556,0.115861
11.5059,0.115861,0.116129
11.5859,0.116129,0.126237
11.5859,0.126237,0.120458
11.5859,0.120458,0.115401
11.5859,0.115401,0.110975
11.5859,0.110975,0.107104
11.5859,0.107104,0.103716
11.5859,0.103716,0.100751
11.5859,0.100751,0.0981573
11.5859,0.0981573,0.0958876
11.5859,0.0958876,0.0939017
11.6349,0.0939017,0.0982889
11.7859,0.0982889,0.104253
11.7859,0.104253,0.109346
11.8659,0.109346,0.121678
11.8659,0.121678,0.116468
11.8659,0.116468,0.11191
11.8659,0.11191,0.107921
11.8659,0.107921,0.104431
11.9859,0.104431,0.106377
11.9859,0.106377,0.10808
11.9859,0.10808,0.10957
11.9859,0.10957,0.110874
11.9859,0.110874,0.112014
12.0349,0.112014,0.104138
12.0349,0.104138,0.0972454
12.0349,0.0972454,0.0912147
12.0349,0.0912147,0.0859379
12.0839,0.0859379,0.0874457
12.0839,0.0874457,0.08264
12.0839,0.08264,0.078435
12.0839,0.078435,0.0747556
12.0839,0.0747556,0.0715361
12.2259,0.0715361,0.0864691
12.2259,0.0864691,0.0934105
12.2259,0.0934105,0.0994842
12.2269,0.0994842,0.104924
12.2269,0.104924,0.109683
12.2749,0.109683,0.119848
12.2749,0.119848,0.110992
12.2749,0.110992,0.103243
12.2749,0.103243,0.0964625
12.2749,0.0964625,0.0904047
12.2749,0.0904047,0.0851041
12.4259,0.0851041,0.0933411
12.4259,0.0933411,0.100548
12.4259,0.100548,0.106855
12.4259,0.106855,0.112373
12.4269,0.112373,0.117326
12.4269,0.117326,0.121661
12.5459,0.121661,0.121453
12.5459,0.121453,0.121271
12.5459,0.121271,0.121112
12.5459,0.121112,0.120973
12.5469,0.120973,0.120977
12.5469,0.120977,0.120855
12.6659,0.120855,0.135623
12.6659,0.135623,0.13367
12.6659,0.13367,0.131961
12.6659,0.131961,0.130466
12.6669,0.130466,0.129283
12.6669,0.129283,0.128122
12.7859,0.128122,0.141982
12.7859,0.141982,0.139234
12.7859,0.139234,0.13683
12.7859,0.13683,0.134726
12.7869,0.134726,0.133011
12.7869,0.133011,0.131384
12.7869,0.131384,0.129961
12.9459,0.129961,0.133716
12.9459,0.133716,0.137002
12.9459,0.137002,0.139876
12.9459,0.139876,0.142392
12.9459,0.142392,0.144468
12.9459,0.144468,0.146284
12.9459,0.146284,0.147874
13.1459,0.147874,0.15439
13.1459,0.15439,0.160091
13.1459,0.160091,0.16508
13.1469,0.16508,0.16957
13.1469,0.16957,0.173498
13.1469,0.173498,0.176936
13.1479,0.176936,0.180069
13.2659,0.180069,0.19756
13.2659,0.19756,0.187865
13.2659,0.187865,0.179382
13.2669,0.179382,0.172084
13.2669,0.172084,0.165574
13.2669,0.165574,0.159877
13.2679,0.159877,0.155018
13.3149,0.155018,0.156515
13.3149,0.156515,0.143076
13.3149,0.143076,0.131316
13.3149,0.131316,0.121027
13.3149,0.121027,0.111898
13.3149,0.111898,0.103911
13.3149,0.103911,0.0969223
13.3639,0.0969223,0.096807
13.3639,0.096807,0.0908311
13.3639,0.0908311,0.0856022
13.3639,0.0856022,0.081027
13.3659,0.081027,0.0772736
13.3659,0.0772736,0.0739894
13.3659,0.0739894,0.0711157
13.3659,0.0711157,0.0686012
13.4259,0.0686012,0.0677761
13.4259,0.0677761,0.0670541
13.4259,0.0670541,0.0664223
13.4259,0.0664223,0.0658695
13.4259,0.0658695,0.0651358
13.4259,0.0651358,0.0644939
13.4259,0.0644939,0.0639321
13.4259,0.0639321,0.0634406
13.5059,0.0634406,0.0655105
13.5059,0.0655105,0.0673217
13.5059,0.0673217,0.0689065
13.5069,0.0689065,0.0704182
13.5069,0.0704182,0.0717409
13.5069,0.0717409,0.0728983
13.5079,0.0728983,0.074036
13.5079,0.074036,0.0750315
13.7059,0.0750315,0.100653
13.7059,0.100653,0.113071
13.7059,0.113071,0.123937
13.7059,0.123937,0.133445
13.7069,0.133445,0.141764
13.7069,0.141764,0.149044
13.7069,0.149044,0.155413
13.7069,0.155413,0.160862
13.7549,0.160862,0.171629
13.7549,0.171629,0.1563
13.7549,0.1563,0.142888
13.7549,0.142888,0.131152
13.7559,0.131152,0.121008
13.7559,0.121008,0.112007
13.7559,0.112007,0.104131
13.7559,0.104131,0.0972396
13.7559,0.0972396,0.0912097
13.8669,0.0912097,0.0873085
13.8669,0.0873085,0.0838949
13.9149,0.0838949,0.086908
13.9149,0.086908,0.0821695
13.9149,0.0821695,0.0778983
13.9149,0.0778983,0.0741611
13.9859,0.0741611,0.0737659
13.9859,0.0737659,0.0734202
13.9859,0.0734202,0.0731177
13.9859,0.0731177,0.0728529
14.1059,0.0728529,0.0787463
14.1059,0.0787463,0.083903
14.1059,0.083903,0.0884152
14.1069,0.0884152,0.0924883
14.1899,0.0924883,0.106427
14.1899,0.106427,0.103624
14.1899,0.103624,0.101171
14.1899,0.101171,0.0990245
14.3059,0.0990245,0.111521
14.3059,0.111521,0.112081
14.3059,0.112081,0.112571
14.3059,0.112571,0.113
14.3199,0.113,0.115125
14.3549,0.115125,0.106859
14.3549,0.106859,0.0996268
14.3549,0.0996268,0.0932984
14.3559,0.0932984,0.0878861
14.3699,0.0878861,0.0831503
14.4259,0.0831503,0.0816316
14.4259,0.0816316,0.0803026
14.4259,0.0803026,0.0791398
14.4269,0.0791398,0.0781223
14.4269,0.0781223,0.075482
14.6659,0.075482,0.0960468
14.6659,0.0960468,0.114041
14.6669,0.114041,0.129911
14.6669,0.129911,0.143672
14.6759,0.143672,0.156838
14.7859,0.156838,0.152233
14.7859,0.152233,0.148204
14.7859,0.148204,0.144679
14.7859,0.144679,0.141469
14.7859,0.141469,0.13866
14.8349,0.13866,0.141203
14.8349,0.141203,0.129677
14.8349,0.129677,0.119593
14.8359,0.119593,0.110894
14.8359,0.110894,0.103282
14.8359,0.103282,0.0966216
14.9859,0.0966216,0.103419
14.9859,0.103419,0.109367
14.9859,0.109367,0.114571
14.9859,0.114571,0.118999
14.9859,0.118999,0.122874
14.9859,0.122874,0.126265
15.1859,0.126265,0.135482
15.1859,0.135482,0.143547
15.1859,0.143547,0.150603
15.1859,0.150603,0.156778
15.1859,0.156778,0.162181
15.1859,0.162181,0.166908
15.2349,0.166908,0.17717
15.2349,0.17717,0.161148
15.2349,0.161148,0.14713
15.2359,0.14713,0.134989
15.2359,0.134989,0.124365
15.2359,0.124365,0.115069
15.3059,0.115069,0.115686
15.3059,0.115686,0.1101
15.3059,0.1101,0.105213
15.3059,0.105213,0.100936
15.3059,0.100936,0.097069
15.3059,0.097069,0.0936853
15.3059,0.0936853,0.0907247
15.3549,0.0907247,0.0855091
15.3549,0.0855091,0.0809455
15.3549,0.0809455,0.0769523
15.3549,0.0769523,0.0734582
15.3559,0.0734582,0.070526
15.3559,0.070526,0.0679602
15.3559,0.0679602,0.0657152
15.5139,0.0657152,0.0773758
15.5139,0.0773758,0.0875788
15.5139,0.0875788,0.0965065
15.5149,0.0965065,0.104443
15.5149,0.104443,0.111263
15.5149,0.111263,0.11723
15.5159,0.11723,0.122576
15.5859,0.122576,0.136004
15.5859,0.136004,0.128004
15.5859,0.128004,0.121003
15.5869,0.121003,0.115003
15.5869,0.115003,0.109627
15.5869,0.109627,0.104924
15.5879,0.104924,0.100934
15.6349,0.100934,0.103192
15.6349,0.103192,0.0964178
15.6349,0.0964178,0.0904906
15.6359,0.0904906,0.0854293
15.6359,0.0854293,0.0808756
15.6359,0.0808756,0.0768912
15.6369,0.0768912,0.0735298
15.7859,0.0735298,0.0890885
15.8659,0.0890885,0.0874525
15.9149,0.0874525,0.0920209
15.9149,0.0920209,0.0866433
15.9149,0.0866433,0.0819379
16.2259,0.0819379,0.116696
16.2259,0.116696,0.140984
16.2259,0.140984,0.162236
16.2259,0.162236,0.180831
16.2749,0.180831,0.164352
16.2749,0.164352,0.149933
16.2749,0.149933,0.137317
16.2759,0.137317,0.126402
16.3459,0.126402,0.119477
16.3459,0.119477,0.113417
16.3459,0.113417,0.108115
16.3469,0.108115,0.103476
16.3949,0.103476,0.0966662
16.3949,0.0966662,0.0907079
16.6259,0.0907079,0.0874944
16.6749,0.0874944,0.0906826
16.8659,0.0906826,0.109347
16.8659,0.109347,0.119554
16.9459,0.119554,0.11461
16.9459,0.11461,0.110283
16.9949,0.110283,0.102623
16.9949,0.102623,0.0959201
17.1059,0.0959201,0.0978051
17.1059,0.0978051,0.0994545
17.1859,0.0994545,0.110898
17.1859,0.110898,0.107035
17.2659,0.107035,0.113656
17.2659,0.113656,0.109449
17.2659,0.109449,0.105768
17.3149,0.105768,0.0986719
17.3149,0.0986719,0.0924629
17.3149,0.0924629,0.0870301
17.4659,0.0870301,0.0950263
17.4659,0.0950263,0.102023
17.4659,0.102023,0.108145
17.7859,0.108145,0.134627
17.7859,0.134627,0.157799
17.7859,0.157799,0.178074
17.7859,0.178074,0.195815
17.9459,0.195815,0.191338
17.9459,0.191338,0.187421
17.9459,0.187421,0.183993
17.9949,0.183993,0.187119
17.9949,0.187119,0.169854
17.9949,0.169854,0.154747
17.9959,0.154747,0.141654
18.0499,0.141654,0.130822
18.0499,0.130822,0.121344
18.0499,0.121344,0.113051
18.0509,0.113051,0.105795
18.3059,0.105795,0.124571
18.3059,0.124571,0.140999
18.3059,0.140999,0.155374
18.3069,0.155374,0.168078
18.3069,0.168078,0.179068
18.3549,0.179068,0.162809
18.3549,0.162809,0.148583
18.3549,0.148583,0.136135
18.3559,0.136135,0.125243
18.5059,0.125243,0.134463
18.5059,0.134463,0.13653
18.5059,0.13653,0.138339
18.5059,0.138339,0.139921
18.5259,0.139921,0.143681
18.5549,0.143681,0.131846
18.5549,0.131846,0.12149
18.5549,0.12149,0.112429
18.5549,0.112429,0.1045
18.5749,0.1045,0.0975629
18.6039,0.0975629,0.0914925
18.6039,0.0914925,0.0861809
18.6039,0.0861809,0.0815333
18.6039,0.0815333,0.0774667
18.6239,0.0774667,0.0764083
18.7059,0.0764083,0.0832323
18.7059,0.0832323,0.0855783
18.7059,0.0855783,0.087631
18.7059,0.087631,0.0894271
18.7329,0.0894271,0.0943737
18.7549,0.0943737,0.098952
18.7549,0.098952,0.092708
18.7549,0.092708,0.0872445
18.7559,0.0872445,0.0825889
18.7769,0.0825889,0.0811403
18.8659,0.0811403,0.0876228
18.8659,0.0876228,0.0905449
18.8659,0.0905449,0.0931018
18.8669,0.0931018,0.0954641
18.8669,0.0954641,0.0974061
18.8669,0.0974061,0.0964803
18.9149,0.0964803,0.0905453
18.9149,0.0905453,0.0853521
18.9149,0.0853521,0.0808081
18.9159,0.0808081,0.0768321
18.9159,0.0768321,0.0733531
18.9159,0.0733531,0.0703089
18.9639,0.0703089,0.0676453
18.9639,0.0676453,0.0653147
18.9639,0.0653147,0.0632753
18.9639,0.0632753,0.0614909
18.9639,0.0614909,0.0598045
18.9639,0.0598045,0.058329
19.0129,0.058329,0.0631629
19.0129,0.0631629,0.0613925
19.0129,0.0613925,0.0598434
19.0139,0.0598434,0.058613
19.0139,0.058613,0.0575364
19.0139,0.0575364,0.0565943
19.1459,0.0565943,0.07227
19.1459,0.07227,0.0798613
19.1459,0.0798613,0.0865036
19.1469,0.0865036,0.0924407
19.1469,0.0924407,0.0975106
19.1469,0.0975106,0.101947
19.1479,0.101947,0.105953
19.2259,0.105953,0.102709
19.2259,0.102709,0.0998706
19.2259,0.0998706,0.0973868
19.2259,0.0973868,0.0950884
19.2269,0.0950884,0.0932024
19.2269,0.0932024,0.0915521
19.2269,0.0915521,0.0899831
19.4259,0.0899831,0.103735
19.4259,0.103735,0.115768
19.4259,0.115768,0.126297
19.4269,0.126297,0.135635
19.4269,0.135635,0.143681
19.5309,0.143681,0.132346
19.5309,0.132346,0.122427
19.5309,0.122427,0.113624
19.6659,0.113624,0.116296
19.6659,0.116296,0.118634
19.6659,0.118634,0.12068
19.7499,0.12068,0.116095
19.7499,0.116095,0.112083
19.7499,0.112083,0.108573
20.0039,0.108573,0.101126
20.0529,0.101126,0.0946102
20.1059,0.0946102,0.089409
20.1549,0.089409,0.0909828
20.4259,0.0909828,0.11961
20.4259,0.11961,0.138534
20.5059,0.138534,0.131217
20.5059,0.131217,0.124815
20.5859,0.124815,0.119213
20.5859,0.119213,0.114311
20.6659,0.114311,0.110022
20.6659,0.110022,0.10627
20.7149,0.10627,0.109111
20.7149,0.109111,0.101597
20.7859,0.101597,0.103897
20.7859,0.103897,0.0997853
20.8659,0.0997853,0.106187
20.8659,0.106187,0.102914
20.8659,0.102914,0.10005
20.9459,0.10005,0.0975433
20.9459,0.0975433,0.0953504
20.9459,0.0953504,0.0934316
21.0259,0.0934316,0.0917527
21.0259,0.0917527,0.0902836
21.0259,0.0902836,0.0889981
21.0749,0.0889981,0.0939984
21.0749,0.0939984,0.0883736
21.0749,0.0883736,0.0834519
21.2659,0.0834519,0.10302
21.2659,0.10302,0.114018
21.2659,0.114018,0.123641
21.3459,0.123641,0.142061
21.3459,0.142061,0.134303
21.3459,0.134303,0.127515
21.3459,0.127515,0.121576
21.4259,0.121576,0.116379
21.4259,0.116379,0.111831
21.4259,0.111831,0.107852
21.4269,0.107852,0.104496
21.5059,0.104496,0.101434
21.5059,0.101434,0.0987547
21.5059,0.0987547,0.0964103
21.5059,0.0964103,0.0943591
21.5859,0.0943591,0.102439
21.5859,0.102439,0.0996343
21.5859,0.0996343,0.09718
21.5859,0.09718,0.0950325
21.6349,0.0950325,0.0992784
21.6349,0.0992784,0.0929936
21.6349,0.0929936,0.0874944
21.9459,0.0874944,0.0914326
22.1059,0.0914326,0.100004
22.1059,0.100004,0.107503
22.1549,0.107503,0.10019
22.1549,0.10019,0.0937914
22.2039,0.0937914,0.0881925
22.2039,0.0881925,0.0832934
22.3059,0.0832934,0.0917568
22.3059,0.0917568,0.0930372
22.3549,0.0930372,0.100283
22.3549,0.100283,0.0938722
22.5059,0.0938722,0.107138
22.5059,0.107138,0.112621
22.5059,0.112621,0.117418
22.5549,0.117418,0.108866
22.5549,0.108866,0.101383
22.5549,0.101383,0.0948349
22.6039,0.0948349,0.0891055
22.6039,0.0891055,0.0840924
22.6039,0.0840924,0.0797058
22.8259,0.0797058,0.0786176
22.9059,0.0786176,0.0787904
22.9619,0.0787904,0.0759416
23.0659,0.0759416,0.0864489
23.1859,0.0864489,0.103643
23.3949,0.103643,0.131812
23.3949,0.131812,0.141461
23.4439,0.141461,0.129903
23.4439,0.129903,0.11979
23.4929,0.11979,0.110942
23.4929,0.110942,0.103199
23.5859,0.103199,0.101924
23.5859,0.101924,0.100809
23.6659,0.100809,0.109832
23.6659,0.109832,0.106103
23.7149,0.106103,0.108965
23.7149,0.108965,0.10147
23.7149,0.10147,0.0949111
23.7859,0.0949111,0.0919222
23.7859,0.0919222,0.0893069
23.7859,0.0893069,0.0870185
23.8349,0.0870185,0.0822662
23.8349,0.0822662,0.0781079
23.8349,0.0781079,0.0744694
24.0659,0.0744694,0.100161
24.0659,0.100161,0.116516
24.0659,0.116516,0.130826
24.0849,0.130826,0.145723
24.1859,0.145723,0.142508
24.1859,0.142508,0.139694
24.1859,0.139694,0.137232
24.2349,0.137232,0.138828
24.2349,0.138828,0.1276
24.2349,0.1276,0.117775
24.2359,0.117775,0.109303
24.2839,0.109303,0.101765
24.2839,0.101765,0.0951694
24.2839,0.0951694,0.0893983
24.2839,0.0893983,0.0842235
24.3459,0.0842235,0.0814455
24.3459,0.0814455,0.0790149
24.3459,0.0790149,0.076888
24.3459,0.076888,0.075027
24.6659,0.075027,0.113399
24.6659,0.113399,0.139224
24.6659,0.139224,0.161821
24.6659,0.161821,0.181593
24.6659,0.181593,0.198894
24.7459,0.198894,0.184032
24.7459,0.184032,0.171028
24.7459,0.171028,0.15965
24.7459,0.15965,0.149694
24.7459,0.149694,0.140982
24.8659,0.140982,0.138359
24.8659,0.138359,0.136064
24.8659,0.136064,0.134056
24.8659,0.134056,0.132299
24.9459,0.132299,0.125762
24.9459,0.125762,0.120042
24.9459,0.120042,0.115036
24.9459,0.115036,0.110657
24.9589,0.110657,0.10845
25.0259,0.10845,0.114893
25.0259,0.114893,0.110532
25.0259,0.110532,0.106715
25.0259,0.106715,0.103376
25.0479,0.103376,0.103204
25.1859,0.103204,0.118678
25.1859,0.118678,0.123844
25.1859,0.123844,0.128363
25.1859,0.128363,0.132318
25.1859,0.132318,0.135778
25.2699,0.135778,0.146556
25.2699,0.146556,0.138736
25.2699,0.138736,0.131894
25.2699,0.131894,0.125907
25.2699,0.125907,0.120669
25.2699,0.120669,0.116085
25.3189,0.116085,0.1077
25.3189,0.1077,0.100362
25.3189,0.100362,0.093942
25.3199,0.093942,0.0884492
25.3199,0.0884492,0.0836431
25.3199,0.0836431,0.0794377
25.3679,0.0794377,0.075633
25.3679,0.075633,0.0723039
25.3679,0.0723039,0.0693909
25.3679,0.0693909,0.066842
25.3689,0.066842,0.0646118
25.3689,0.0646118,0.0626603
25.4169,0.0626603,0.0669528
25.4169,0.0669528,0.0647087
25.4169,0.0647087,0.0627451
25.4169,0.0627451,0.0610269
25.4169,0.0610269,0.0595236
25.4169,0.0595236,0.0580831
25.4659,0.0580831,0.0629477
25.4659,0.0629477,0.0612043
25.4659,0.0612043,0.0596787
25.4659,0.0596787,0.0583439
25.4659,0.0583439,0.0571759
25.4659,0.0571759,0.0561539
25.4659,0.0561539,0.0552597
25.5149,0.0552597,0.0544772
25.5149,0.0544772,0.0537926
25.5149,0.0537926,0.0531935
25.5149,0.0531935,0.0526693
25.5159,0.0526693,0.0523356
25.5159,0.0523356,0.0520437
25.5159,0.0520437,0.0517882
25.5639,0.0517882,0.0514397
25.5639,0.0514397,0.0511347
25.5639,0.0511347,0.0508679
25.5639,0.0508679,0.0506344
25.5639,0.0506344,0.0503051
25.5639,0.0503051,0.050017
25.5639,0.050017,0.0497648
25.6189,0.0497648,0.0564192
25.6189,0.0564192,0.0562418
25.6189,0.0562418,0.0560866
25.6189,0.0560866,0.0559508
25.6199,0.0559508,0.0559569
25.6199,0.0559569,0.0559623
25.8259,0.0559623,0.081717
25.8259,0.081717,0.0973774
25.8259,0.0973774,0.11108
25.8259,0.11108,0.12307
25.8269,0.12307,0.133686
25.8269,0.133686,0.142851
25.9059,0.142851,0.160744
25.9059,0.160744,0.150651
25.9059,0.150651,0.14182
25.9069,0.14182,0.134217
25.9069,0.134217,0.127565
25.9069,0.127565,0.121745
25.9079,0.121745,0.116776
25.9079,0.116776,0.112304
25.9549,0.112304,0.114266
25.9549,0.114266,0.106108
25.9549,0.106108,0.0989696
25.9549,0.0989696,0.0925984
25.9549,0.0925984,0.0870236
25.9549,0.0870236,0.0821456
25.9549,0.0821456,0.0777524
25.9549,0.0777524,0.0739084
26.0039,0.0739084,0.0707948
26.0039,0.0707948,0.0680705
26.0039,0.0680705,0.0656867
26.0049,0.0656867,0.0637258
26.0049,0.0637258,0.0620101
26.0049,0.0620101,0.0605088
26.0059,0.0605088,0.0593202
26.0059,0.0593202,0.0582802
26.0659,0.0582802,0.0648702
26.0659,0.0648702,0.0645114
26.0659,0.0645114,0.0641975
26.0659,0.0641975,0.0639228
26.0669,0.0639228,0.0636824
26.0669,0.0636824,0.0634721
26.0669,0.0634721,0.0632881
26.0669,0.0632881,0.0630021
26.1149,0.0630021,0.0687518
26.1149,0.0687518,0.0662829
26.1149,0.0662829,0.0641225
26.1149,0.0641225,0.0622322
26.1149,0.0622322,0.0605782
26.1149,0.0605782,0.0590059
26.1149,0.0590059,0.0576302
26.1149,0.0576302,0.0564264
26.1159,0.0564264,0.0554981
26.2259,0.0554981,0.0624358
26.2259,0.0624358,0.0685063
26.2259,0.0685063,0.0738181
26.2259,0.0738181,0.0784658
26.2259,0.0784658,0.0825326
26.2259,0.0825326,0.086091
26.2259,0.086091,0.0892046
26.2259,0.0892046,0.091929
26.2269,0.091929,0.0943129
26.2749,0.0943129,0.0886488
26.2749,0.0886488,0.0836927
26.2749,0.0836927,0.0793561
26.2749,0.0793561,0.0755616
26.2749,0.0755616,0.0722414
26.2749,0.0722414,0.0693362
26.2749,0.0693362,0.0667942
26.2749,0.0667942,0.0645699
26.2749,0.0645699,0.0626237
26.4659,0.0626237,0.0846707
26.4659,0.0846707,0.0979619
26.4659,0.0979619,0.109592
26.4659,0.109592,0.119768
26.4669,0.119768,0.128797
26.4669,0.128797,0.136697
26.4669,0.136697,0.14361
26.4669,0.14361,0.149659
26.6669,0.149659,0.140951
26.6669,0.140951,0.133332
26.6669,0.133332,0.126666
26.7149,0.126666,0.116958
26.7149,0.116958,0.108338
26.9859,0.108338,0.122421
27.0139,0.122421,0.138243
27.0349,0.138243,0.127088
27.0629,0.127088,0.117327
27.0839,0.117327,0.108786
27.1119,0.108786,0.101313
27.1329,0.101313,0.0947736
27.1609,0.0947736,0.0890519
27.1819,0.0890519,0.0840454
27.2099,0.0840454,0.0831647
27.2309,0.0831647,0.0815191
27.2589,0.0815191,0.0809542
27.2799,0.0809542,0.079585
27.3459,0.079585,0.0840118
27.3459,0.0840118,0.0843854
27.3459,0.0843854,0.0820872
27.3949,0.0820872,0.0779513
27.3949,0.0779513,0.0743324
27.3949,0.0743324,0.0711658
27.4659,0.0711658,0.0711451
27.4659,0.0711451,0.071127
27.4659,0.071127,0.0711111
27.5149,0.0711111,0.0772222
27.5149,0.0772222,0.0736944
27.5149,0.0736944,0.0706076
27.5859,0.0706076,0.0767817
27.5859,0.0767817,0.076059
27.5859,0.076059,0.0754266
27.6349,0.0754266,0.0809983
27.6349,0.0809983,0.0769985
27.6349,0.0769985,0.0734987
27.6349,0.0734987,0.0704363
27.6839,0.0704363,0.0677568
27.6839,0.0677568,0.0654122
27.6839,0.0654122,0.0633607
27.6839,0.0633607,0.0615656
27.7459,0.0615656,0.0616199
27.7459,0.0616199,0.0616674
27.7459,0.0616674,0.061709
27.7459,0.061709,0.0617454
27.7949,0.0617454,0.0679022
27.7949,0.0679022,0.0655394
27.7949,0.0655394,0.063472
27.7959,0.063472,0.061788
27.8439,0.061788,0.0663145
27.8439,0.0663145,0.0641502
27.8439,0.0641502,0.0622564
27.8439,0.0622564,0.0605994
27.8439,0.0605994,0.0590244
27.9059,0.0590244,0.0593964
27.9059,0.0593964,0.0597218
27.9059,0.0597218,0.0600066
27.9059,0.0600066,0.0602558
27.9059,0.0602558,0.0604738
28.0259,0.0604738,0.0679146
28.0259,0.0679146,0.0744253
28.0259,0.0744253,0.0801221
28.0269,0.0801221,0.0852318
28.0269,0.0852318,0.0897029
28.1949,0.0897029,0.09324
28.1949,0.09324,0.08771
28.2439,0.08771,0.0828712
28.2439,0.0828712,0.0786373
28.3459,0.0786373,0.0815577
28.3459,0.0815577,0.084113
28.3949,0.084113,0.0924738
28.3949,0.0924738,0.0870396
28.4439,0.0870396,0.0884097
28.4439,0.0884097,0.0834835
28.4439,0.0834835,0.079173
28.4929,0.079173,0.0754014
28.4929,0.0754014,0.0721012
28.4929,0.0721012,0.0692136
28.5419,0.0692136,0.0666869
28.5419,0.0666869,0.064476
28.5419,0.064476,0.0625415
28.6259,0.0625415,0.0652238
28.6259,0.0652238,0.0675708
28.6259,0.0675708,0.0696245
28.6749,0.0696245,0.0775464
28.6749,0.0775464,0.0739781
28.6749,0.0739781,0.0708559
28.8259,0.0708559,0.0869989
28.8259,0.0869989,0.094999
28.8259,0.094999,0.101999
28.8259,0.101999,0.108124
29.3459,0.108124,0.109609
29.3459,0.109609,0.110908
29.3949,0.110908,0.103169
29.4659,0.103169,0.099148
29.5149,0.099148,0.0928795
29.5149,0.0928795,0.0873946
29.5859,0.0873946,0.0914703
29.5859,0.0914703,0.0889115
29.6349,0.0889115,0.0927975
29.6349,0.0927975,0.0873228
29.6839,0.0873228,0.0886575
29.6839,0.0886575,0.0837003
29.6839,0.0837003,0.0793628
29.7329,0.0793628,0.0755674
29.7329,0.0755674,0.0722465
29.7329,0.0722465,0.0693407
29.8259,0.0693407,0.0722981
29.8259,0.0722981,0.0748858
29.8259,0.0748858,0.0771501
29.9459,0.0771501,0.0941313
29.9459,0.0941313,0.0973649
29.9459,0.0973649,0.100194
29.9949,0.100194,0.108795
29.9949,0.108795,0.101321
29.9949,0.101321,0.0947806
30.0439,0.0947806,0.095183
30.0439,0.095183,0.0894101
30.0439,0.0894101,0.0843588
30.0439,0.0843588,0.079939
30.0929,0.079939,0.0760716
30.0929,0.0760716,0.0726877
30.0929,0.0726877,0.0697267
30.0929,0.0697267,0.0671359
30.1859,0.0671359,0.0703689
30.1859,0.0703689,0.0731978
30.1859,0.0731978,0.0756731
30.1859,0.0756731,0.0778389
30.2349,0.0778389,0.0858591
30.2349,0.0858591,0.0812517
30.2349,0.0812517,0.0772202
30.2349,0.0772202,0.0736927
30.3859,0.0736927,0.0894811
30.3859,0.0894811,0.097171
30.3859,0.097171,0.1039
30.3859,0.1039,0.109787
30.4059,0.109787,0.117439
30.4659,0.117439,0.112759
30.4659,0.112759,0.108664
30.4659,0.108664,0.105081
30.4659,0.105081,0.101946
30.4659,0.101946,0.0967027
30.5459,0.0967027,0.0946148
30.5459,0.0946148,0.092788
30.5459,0.092788,0.0911895
30.5459,0.0911895,0.0897908
30.5459,0.0897908,0.0885669
30.5949,0.0885669,0.0836211
30.5949,0.0836211,0.0792934
30.5949,0.0792934,0.0755068
30.5969,0.0755068,0.0724434
30.5969,0.0724434,0.069763
30.7059,0.069763,0.0810426
30.7059,0.0810426,0.0847873
30.7059,0.0847873,0.0880639
30.7069,0.0880639,0.0910559
30.7069,0.0910559,0.0934239
30.7859,0.0934239,0.105371
30.7859,0.105371,0.1022
30.7859,0.1022,0.0994246
30.7859,0.0994246,0.0969965
30.7869,0.0969965,0.094872
30.7869,0.094872,0.093013
30.8659,0.093013,0.0913863
30.8659,0.0913863,0.0899631
30.8659,0.0899631,0.0887177
30.8659,0.0887177,0.087628
30.8659,0.087628,0.0865495
30.8659,0.0865495,0.0856058
30.9149,0.0856058,0.0810301
30.9149,0.0810301,0.0770263
30.9149,0.0770263,0.073523
30.9159,0.073523,0.0705826
30.9159,0.0705826,0.0680098
30.9159,0.0680098,0.0657586
30.9579,0.0657586,0.0690388
30.9579,0.0690388,0.0657839
30.9639,0.0657839,0.0636859
30.9639,0.0636859,0.0618502
30.9639,0.0618502,0.0601189
30.9649,0.0601189,0.058729
31.0259,0.058729,0.0598879
31.0259,0.0598879,0.0609019
31.0269,0.0609019,0.0611642
31.0269,0.0611642,0.0613937
31.0269,0.0613937,0.0615945
31.0279,0.0615945,0.0617701
31.3059,0.0617701,0.0890489
31.3059,0.0890489,0.112918
31.3059,0.112918,0.133803
31.3069,0.133803,0.152078
31.3069,0.152078,0.168068
31.3069,0.168068,0.182059
31.3079,0.182059,0.194302
31.3549,0.194302,0.176139
31.3549,0.176139,0.160247
31.3549,0.160247,0.146341
31.3549,0.146341,0.134048
32.3459,0.134048,0.157292
32.4259,0.157292,0.147631
32.5059,0.147631,0.139177
32.5549,0.139177,0.137905
32.6039,0.137905,0.132917
32.7459,0.132917,0.140177
32.7459,0.140177,0.140405
32.8659,0.140405,0.137854
32.8659,0.137854,0.135623
32.9459,0.135623,0.12867
32.9459,0.12867,0.122586
33.0259,0.122586,0.127263
33.0259,0.127263,0.121355
33.1059,0.121355,0.126186
33.1059,0.126186,0.120412
33.1859,0.120412,0.125361
33.1859,0.125361,0.119691
33.1859,0.119691,0.114729
33.3859,0.114729,0.125388
33.3859,0.125388,0.134715
33.3859,0.134715,0.142875
33.4659,0.142875,0.135016
33.4659,0.135016,0.128139
33.4659,0.128139,0.122122
33.5459,0.122122,0.126856
33.5459,0.126856,0.120999
33.5459,0.120999,0.115874
33.6659,0.115874,0.12639
33.6659,0.12639,0.125591
33.6659,0.125591,0.124892
33.7149,0.124892,0.130406
33.7149,0.130406,0.12023
33.7149,0.12023,0.111326
33.7149,0.111326,0.103536
33.7859,0.103536,0.0994686
33.7859,0.0994686,0.09591
33.7859,0.09591,0.0927963
33.7859,0.0927963,0.0900718
33.8349,0.0900718,0.0849378
33.8349,0.0849378,0.0804456
33.8349,0.0804456,0.0765149
33.8359,0.0765149,0.0732005
33.9059,0.0732005,0.0790504
33.9059,0.0790504,0.0780441
33.9059,0.0780441,0.0771636
33.9059,0.0771636,0.0763932
33.9859,0.0763932,0.085594
33.9859,0.085594,0.0848948
33.9859,0.0848948,0.0842829
33.9859,0.0842829,0.0837476
33.9859,0.0837476,0.0832791
34.0359,0.0832791,0.0791192
34.0359,0.0791192,0.0754793
34.0359,0.0754793,0.0722944
34.0359,0.0722944,0.0695076
34.0359,0.0695076,0.0670692
34.0849,0.0670692,0.0648105
34.0849,0.0648105,0.0628342
34.0849,0.0628342,0.0611049
34.0849,0.0611049,0.0595918
34.3059,0.0595918,0.0617678
34.3549,0.0617678,0.0601718
34.3549,0.0601718,0.0587754
34.4039,0.0587754,0.0575534
34.4039,0.0575534,0.0564843
34.4659,0.0564843,0.0632987
34.4659,0.0632987,0.0631364
34.5149,0.0631364,0.0691193
34.5149,0.0691193,0.0666044
34.5859,0.0666044,0.0732789
34.5859,0.0732789,0.072994
34.5859,0.072994,0.0727448
34.6659,0.0727448,0.0736517
34.6659,0.0736517,0.0744452
34.6659,0.0744452,0.0751396
34.7149,0.0751396,0.0718721
34.7149,0.0718721,0.0690131
34.7149,0.0690131,0.0665115
34.7639,0.0665115,0.0704475
34.7639,0.0704475,0.0677666
34.7639,0.0677666,0.0654208
34.8129,0.0654208,0.0694932
34.8129,0.0694932,0.0669315
34.8129,0.0669315,0.0646901
34.8619,0.0646901,0.0688538
34.8619,0.0688538,0.0663721
34.8699,0.0663721,0.0652006
34.8699,0.0652006,0.0641755
34.9099,0.0641755,0.0621536
34.9099,0.0621536,0.0603844
35.0259,0.0603844,0.0608363
35.0749,0.0608363,0.0673568
35.1459,0.0673568,0.0739372
35.3459,0.0739372,0.09857
35.3949,0.09857,0.117374
35.3949,0.117374,0.108827
35.4439,0.108827,0.107474
35.4439,0.107474,0.100164
35.4929,0.100164,0.0937689
35.4929,0.0937689,0.0881728
35.5459,0.0881728,0.0899012
35.5459,0.0899012,0.0852885
35.6659,0.0852885,0.0962525
35.6659,0.0962525,0.0992209
35.7459,0.0992209,0.111818
35.7459,0.111818,0.107841
35.7459,0.107841,0.104361
35.8659,0.104361,0.106316
35.8659,0.106316,0.108026
35.8659,0.108026,0.109523
36.1059,0.109523,0.125833
36.1059,0.125833,0.140104
36.1059,0.140104,0.152591
36.1169,0.152591,0.164892
36.2259,0.164892,0.15928
36.2259,0.15928,0.15437
36.2259,0.15437,0.150074
36.3459,0.150074,0.15994
36.3459,0.15994,0.154947
36.3459,0.154947,0.150579
36.3949,0.150579,0.152882
36.3949,0.152882,0.139896
36.3949,0.139896,0.128534
36.3949,0.128534,0.118592
36.4659,0.118592,0.112643
36.4659,0.112643,0.107438
36.4659,0.107438,0.102883
36.4669,0.102883,0.0990228
36.5149,0.0990228,0.09277
36.5149,0.09277,0.0872987
36.5149,0.0872987,0.0825114
36.5159,0.0825114,0.0784475
36.6259,0.0784475,0.0885165
36.6259,0.0885165,0.091327
36.6259,0.091327,0.0937861
36.6259,0.0937861,0.0959378
36.8259,0.0959378,0.122696
36.8259,0.122696,0.132359
36.8259,0.132359,0.140814
36.8269,0.140814,0.148337
36.8269,0.148337,0.15492
36.8749,0.15492,0.14168
36.8749,0.14168,0.130095
36.8749,0.130095,0.119958
36.8749,0.119958,0.110963
36.8969,0.110963,0.105843
36.9239,0.105843,0.0987375
36.9239,0.0987375,0.0925204
36.9239,0.0925204,0.0870803
36.9239,0.0870803,0.0823203
36.9459,0.0823203,0.0781552
36.9729,0.0781552,0.0778858
36.9729,0.0778858,0.0742751
36.9729,0.0742751,0.0711157
36.9739,0.0711157,0.0684763
37.0259,0.0684763,0.0726667
37.0259,0.0726667,0.0735834
37.0259,0.0735834,0.0710105
37.0259,0.0710105,0.0687591
37.0259,0.0687591,0.0667893
37.0749,0.0667893,0.0710656
37.0749,0.0710656,0.0683074
37.0749,0.0683074,0.065894
37.0759,0.065894,0.0639072
37.0759,0.0639072,0.0621688
37.0759,0.0621688,0.0606477
37.1239,0.0606477,0.0591918
37.1239,0.0591918,0.0579178
37.1239,0.0579178,0.0568031
37.1239,0.0568031,0.0557027
37.1239,0.0557027,0.0547398
37.1239,0.0547398,0.0538974
37.1729,0.0538974,0.0532852
37.1729,0.0532852,0.0527495
37.1729,0.0527495,0.0522808
37.1739,0.0522808,0.0519957
37.1739,0.0519957,0.0517463
37.2219,0.0517463,0.057528
37.2219,0.057528,0.056462
37.2219,0.056462,0.0555292
37.2219,0.0555292,0.0547131
37.2219,0.0547131,0.0539989
37.2219,0.0539989,0.0532491
37.3459,0.0532491,0.0680929
37.3459,0.0680929,0.0750813
37.3459,0.0750813,0.0811962
37.3459,0.0811962,0.0865466
37.3459,0.0865466,0.0912283
37.3459,0.0912283,0.0953248
37.5859,0.0953248,0.128909
37.5859,0.128909,0.142796
37.5859,0.142796,0.154946
37.5859,0.154946,0.165578
37.5859,0.165578,0.174881
37.5859,0.174881,0.183021
37.5859,0.183021,0.190143
37.6349,0.190143,0.1725
37.6349,0.1725,0.157063
37.6349,0.157063,0.143555
37.6359,0.143555,0.13186
37.6359,0.13186,0.121628
37.6359,0.121628,0.112674
37.6369,0.112674,0.104965
38.1969,0.104965,0.0980944
38.1979,0.0980944,0.0922076
38.1979,0.0922076,0.0869317
38.1979,0.0869317,0.0823152
38.2659,0.0823152,0.0806508
38.2659,0.0806508,0.0790695
38.2659,0.0790695,0.0776858
38.3149,0.0776858,0.0741001
38.3149,0.0741001,0.0709625
38.3149,0.0709625,0.0682172
38.3159,0.0682172,0.0659401
38.3639,0.0659401,0.0638226
38.3639,0.0638226,0.0619697
38.3639,0.0619697,0.0603485
38.3649,0.0603485,0.059055
38.4659,0.059055,0.0704231
38.4659,0.0704231,0.0743702
38.4659,0.0743702,0.0778239
38.4669,0.0778239,0.0809709
38.5149,0.0809709,0.0895996
38.5149,0.0895996,0.0845246
38.5149,0.0845246,0.080084
38.5149,0.080084,0.0761985
38.5149,0.0761985,0.0726737
38.5859,0.0726737,0.0724645
38.5859,0.0724645,0.0722814
38.5859,0.0722814,0.0721213
38.5859,0.0721213,0.0719811
38.5859,0.0719811,0.0718585
38.7059,0.0718585,0.0778762
38.7059,0.0778762,0.0831416
38.7059,0.0831416,0.0877489
38.7059,0.0877489,0.0917803
38.7179,0.0917803,0.0968078
38.8259,0.0968078,0.114707
38.8259,0.114707,0.115368
38.8259,0.115368,0.115947
38.8259,0.115947,0.116454
38.8469,0.116454,0.119522
38.8749,0.119522,0.124207
38.8749,0.124207,0.114806
38.8749,0.114806,0.10658
38.8759,0.10658,0.0995078
38.8959,0.0995078,0.0958193
38.8959,0.0958193,0.0899669
38.9459,0.0899669,0.087596
38.9459,0.087596,0.0855215
38.9459,0.0855215,0.0837063
38.9459,0.0837063,0.081993
38.9499,0.081993,0.0784939
38.9499,0.0784939,0.0754322
39.0259,0.0754322,0.0760032
39.0259,0.0760032,0.0765028
39.0259,0.0765028,0.0769399
39.0259,0.0769399,0.0773224
39.0269,0.0773224,0.0772821
39.0269,0.0772821,0.0772469
39.1059,0.0772469,0.077591
39.1059,0.077591,0.0778921
39.1059,0.0778921,0.0781556
39.1069,0.0781556,0.0785112
39.1069,0.0785112,0.0788223
39.1069,0.0788223,0.0789695
39.1859,0.0789695,0.0889733
39.1859,0.0889733,0.0878516
39.1859,0.0878516,0.0868702
39.1859,0.0868702,0.0860114
39.1859,0.0860114,0.085135
39.1859,0.085135,0.0843681
39.2659,0.0843681,0.0936971
39.2659,0.0936971,0.091985
39.2659,0.091985,0.0904868
39.2659,0.0904868,0.089176
39.2659,0.089176,0.088029
39.2659,0.088029,0.0870254
39.2659,0.0870254,0.0861472
39.3859,0.0861472,0.0903788
39.3859,0.0903788,0.0940814
39.3859,0.0940814,0.0973213
39.3859,0.0973213,0.100156
39.3859,0.100156,0.102637
39.3859,0.102637,0.104807
39.3859,0.104807,0.106706
39.4349,0.106706,0.0994929
39.4349,0.0994929,0.0931813
39.4349,0.0931813,0.0876586
39.4349,0.0876586,0.0828263
39.4359,0.0828263,0.078723
39.4359,0.078723,0.0751326
39.4359,0.0751326,0.071991
39.4839,0.071991,0.0752422
39.4839,0.0752422,0.0719619
39.4839,0.0719619,0.0690917
39.4839,0.0690917,0.0665802
39.4849,0.0665802,0.0645077
39.4849,0.0645077,0.0625692
39.4849,0.0625692,0.0608731
39.5859,0.0608731,0.0720139
39.5859,0.0720139,0.0757622
39.5859,0.0757622,0.0790419
39.5869,0.0790419,0.0820367
39.5869,0.0820367,0.0846571
39.5879,0.0846571,0.08695
39.5879,0.08695,0.0889562
39.7059,0.0889562,0.0928367
39.7059,0.0928367,0.0962321
39.7059,0.0962321,0.0992031
39.7069,0.0992031,0.101803
39.7069,0.101803,0.104077
39.7069,0.104077,0.105943
39.7079,0.105943,0.1077
39.7079,0.1077,0.109237
39.7549,0.109237,0.101708
39.7549,0.101708,0.0951192
39.7549,0.0951192,0.0893543
39.7549,0.0893543,0.084185
39.7549,0.084185,0.0796619
39.7549,0.0796619,0.0757042
39.7549,0.0757042,0.0721161
39.7549,0.0721161,0.0689766
39.8659,0.0689766,0.0801045
39.8659,0.0801045,0.0839665
39.8659,0.0839665,0.0873457
39.8659,0.0873457,0.0903025
39.8659,0.0903025,0.0928897
39.8659,0.0928897,0.0951534
39.8659,0.0951534,0.0971343
39.9149,0.0971343,0.104992
39.9149,0.104992,0.0979934
39.9149,0.0979934,0.0918692
39.9149,0.0918692,0.0865106
39.9149,0.0865106,0.0818218
39.9149,0.0818218,0.077719
39.9149,0.077719,0.0741292
39.9149,0.0741292,0.070988
40.0259,0.070988,0.0821145
40.0259,0.0821145,0.0857252
40.0259,0.0857252,0.0888845
40.0259,0.0888845,0.091649
40.0259,0.091649,0.0940679
40.0259,0.0940679,0.0961844
40.0259,0.0961844,0.0980363
40.0259,0.0980363,0.0996568
40.0259,0.0996568,0.101075
40.1459,0.101075,0.10344
40.1459,0.10344,0.10551
40.1459,0.10551,0.107322
40.1459,0.107322,0.108906
40.1469,0.108906,0.110418
40.1469,0.110418,0.111741
40.1469,0.111741,0.112898
40.1469,0.112898,0.113911
40.1469,0.113911,0.114797
40.3459,0.114797,0.125447
40.3459,0.125447,0.134766
40.3459,0.134766,0.142921
40.3459,0.142921,0.150056
40.3459,0.150056,0.156299
40.3459,0.156299,0.161636
40.3459,0.161636,0.166307
40.3459,0.166307,0.170393
40.3459,0.170393,0.173969
40.4659,0.173969,0.192098
40.4659,0.192098,0.183086
40.4659,0.183086,0.1752
40.4669,0.1752,0.168425
40.4669,0.168425,0.162497
40.4669,0.162497,0.15731
40.4679,0.15731,0.152896
40.4679,0.152896,0.149034
40.4679,0.149034,0.145655
40.5459,0.145655,0.152448
40.5459,0.152448,0.143392
40.5459,0.143392,0.135468
40.5459,0.135468,0.128534
40.5459,0.128534,0.122343
40.5459,0.122343,0.116925
40.5459,0.116925,0.112184
40.5459,0.112184,0.107911
40.5459,0.107911,0.104172
40.5459,0.104172,0.100901
40.5949,0.100901,0.0944132
40.5949,0.0944132,0.0887365
40.5949,0.0887365,0.0837695
40.5949,0.0837695,0.0794233
40.5949,0.0794233,0.0756204
40.5949,0.0756204,0.0722928
40.5949,0.0722928,0.0693812
40.5949,0.0693812,0.0668336
40.5949,0.0668336,0.0646044
40.5949,0.0646044,0.0626538
40.7059,0.0626538,0.0686971
40.7059,0.0686971,0.073985
40.7059,0.073985,0.0786118
40.7059,0.0786118,0.0826604
40.7059,0.0826604,0.0862028
40.7059,0.0862028,0.0893025
40.7069,0.0893025,0.0921397
40.7069,0.0921397,0.0946222
40.7069,0.0946222,0.0967944
40.7069,0.0967944,0.0986951
40.9459,0.0986951,0.130233
40.9459,0.130233,0.143954
40.9459,0.143954,0.15596
40.9459,0.15596,0.166465
40.9459,0.166465,0.175657
40.9459,0.175657,0.1837
40.9459,0.1837,0.190737
40.9459,0.190737,0.19677
40.9459,0.19677,0.202049
40.9459,0.202049,0.206668
40.9579,0.206668,0.212209
