1.47493,2920,4124
1.47493,4124,5330
1.47493,5330,6536
1.47493,6536,7568
1.47493,7568,8092
1.47493,8092,8616
1.47493,8616,9140
1.50593,9140,9664
1.52393,9664,10188
1.52393,10188,10712
1.52393,10712,11236
1.52393,11236,11760
1.52394,11760,12284
1.52394,12284,12808
1.52394,12808,13332
1.52394,13332,13856
1.52493,13856,14380
1.52494,14380,14904
1.52494,14904,15428
1.52494,15428,15952
1.52494,15952,16476
1.52494,16476,17000
1.52494,17000,17524
1.52494,17524,18048
1.57593,18048,19508
1.57593,19508,20967
1.57593,20967,22427
1.57793,22427,23886
1.57993,23886,25346
1.63693,25346,26806
1.63693,26806,28266
1.63693,28266,29726
1.64093,29726,31186
1.64093,31186,31197
1.64093,31197,32657
1.64093,32657,33787
1.64193,33787,35247
1.64793,35247,36706
1.64793,36706,38166
1.64893,38166,39032
1.64893,39032,40068
1.64993,40068,40596
1.65093,40596,41124
1.65093,41124,41652
1.65193,41652,42180
1.65293,42180,42708
1.65293,42708,43236
1.65393,43236,43764
1.65493,43764,44292
1.65593,44292,44820
1.65893,44820,46280
1.65893,46280,47732
1.66293,47732,49192
1.66293,49192,50644
1.70293,50644,52104
1.70293,52104,53556
1.71593,53556,55016
1.71793,55016,55412
1.71993,55412,56872
1.71993,56872,57996
1.71993,57996,59036
1.72193,59036,29518
1.78694,29518,29589
1.78793,29589,29661
1.78793,29661,29732
1.79193,29732,29803
1.79193,29803,29874
1.79193,29874,29945
1.79194,29945,29976
1.79194,29976,30047
1.79194,30047,30051
1.79194,30051,30101
1.79293,30101,30126
1.79293,30126,30151
1.79393,30151,30221
1.83493,30221,30252
1.83693,30252,30277
1.83693,30277,30302
1.83693,30302,30327
1.83693,30327,30352
1.83693,30352,30377
1.83793,30377,30402
1.83893,30402,30427
1.83993,30427,30452
1.83993,30452,30501
1.84093,30501,30526
1.84193,30526,30551
1.84593,30551,30601
1.84593,30601,30650
1.84593,30650,30675
1.84593,30675,30700
1.84693,30700,30725
1.84693,30725,30750
1.84793,30750,30775
1.85093,30775,30800
1.85093,30800,30825
1.85093,30825,30850
1.85093,30850,30874
1.85093,30874,30898
1.85193,30898,30947
1.85393,30947,30996
1.88093,30996,15498
1.98493,15498,15547
1.98593,15547,15683
1.98593,15683,15818
1.98893,15818,15952
1.98893,15952,16048
1.98893,16048,16180
1.98893,16180,16189
1.99093,16189,16282
1.99093,16282,16329
1.99093,16329,16376
1.99093,16376,16423
1.99093,16423,16515
1.99293,16515,16561
1.99293,16561,16607
1.99293,16607,16653
1.99293,16653,16699
1.99293,16699,16745
1.99393,16745,16791
2.02693,16791,16836
2.02693,16836,16881
2.02693,16881,16926
2.02793,16926,16971
2.02793,16971,17060
2.02893,17060,17105
2.02893,17105,17150
2.02893,17150,17194
2.03093,17194,17317
2.03093,17317,17439
2.03293,17439,17505
2.03293,17505,17626
2.03393,17626,17720
2.03393,17720,17840
2.03493,17840,17891
2.03593,17891,18010
2.03593,18010,18128
2.05793,18128,18245
2.05793,18245,18358
2.10093,18358,18474
2.10093,18474,18588
2.10093,18588,18702
2.10094,18702,18815
2.10194,18815,18928
2.10393,18928,19039
2.10393,19039,19150
2.10394,19150,19260
2.10394,19260,19370
2.34493,19370,19479
2.34593,19479,19588
2.34693,19588,19696
2.34893,19696,19804
2.34893,19804,19911
2.34893,19911,20018
2.34893,20018,20123
2.34993,20123,20228
2.35093,20228,20332
2.35093,20332,20436
2.35093,20436,20539
2.35093,20539,20642
2.35193,20642,20744
2.35293,20744,20846
2.35294,20846,20947
2.42693,20947,21048
2.43293,21048,21148
2.43293,21148,21248
2.43293,21248,21347
2.43293,21347,21446
2.43493,21446,21544
2.43893,21544,21642
2.43893,21642,21739
2.44193,21739,21837
2.44393,21837,21934
2.44893,21934,22031
2.44893,22031,22127
2.45293,22127,22223
2.45293,22223,22318
2.54593,22318,11159
2.59493,11159,11350
2.64993,11350,11537
2.64993,11537,11721
2.64993,11721,11830
2.65093,11830,12010
2.65193,12010,12022
2.65293,12022,12148
2.65793,12148,12211
2.65993,12211,12335
2.65993,12335,12397
2.65993,12397,12459
2.65993,12459,12520
2.66093,12520,12581
2.66193,12581,12642
2.70493,12642,12702
2.70594,12702,12869
2.70594,12869,13033
2.70694,13033,13121
2.70793,13121,13283
2.70893,13283,13443
2.70994,13443,13601
2.70994,13601,13757
2.70994,13757,13867
2.71393,13867,14020
2.72193,14020,14171
2.90493,14171,14302
2.90693,14302,14451
2.90693,14451,14597
2.90793,14597,14743
2.90893,14743,14887
2.91093,14887,14937
2.91093,14937,15079
2.91093,15079,15088
2.91093,15088,15188
2.91193,15188,15238
2.91293,15238,15288
2.91293,15288,15387
2.91393,15387,15487
2.91393,15487,15585
3.14893,15585,15634
3.14893,15634,15683
3.14993,15683,15781
3.14993,15781,15877
3.14993,15877,15925
3.14993,15925,15973
3.15093,15973,16106
3.15193,16106,16237
3.15293,16237,16368
3.15293,16368,16497
3.15393,16497,16626
3.15493,16626,16753
3.15593,16753,16880
3.16693,16880,17005
3.19993,17005,17130
3.19993,17130,17253
3.20093,17253,17376
3.20093,17376,17498
3.20393,17498,17619
3.20593,17619,17739
3.20593,17739,17847
3.20693,17847,17966
3.20893,17966,18084
3.20993,18084,18201
3.21793,18201,18318
3.30593,18318,18434
3.30593,18434,18549
3.30593,18549,18567
3.30594,18567,18681
3.30594,18681,18728
3.30594,18728,18841
3.30693,18841,18848
3.30694,18848,18961
3.30793,18961,19073
3.30793,19073,19184
3.30893,19184,19212
3.30893,19212,19322
3.30993,19322,19408
3.30993,19408,19486
3.30993,19486,19563
3.30994,19563,19602
3.30994,19602,19679
3.31093,19679,19718
3.34493,19718,19796
3.34993,19796,19834
3.34993,19834,19910
3.34993,19910,19948
3.35393,19948,20054
3.35394,20054,20063
3.35493,20063,20169
3.35493,20169,20176
3.35593,20176,20281
3.35693,20281,20386
3.35693,20386,20403
3.35693,20403,20507
3.35693,20507,20514
3.35793,20514,20617
3.35793,20617,20720
3.36094,20720,20822
3.36094,20822,20924
3.36094,20924,21025
3.42493,21025,21126
3.42493,21126,21226
3.42494,21226,21326
3.42593,21326,21425
3.42693,21425,21524
3.42693,21524,21623
3.42794,21623,21721
3.42794,21721,21819
3.42794,21819,21916
3.42994,21916,22013
3.42994,22013,22109
3.43093,22109,22205
3.43093,22205,22300
3.43193,22300,22395
4.10493,22395,22490
4.10793,22490,22584
4.10793,22584,22678
4.11193,22678,22771
4.11193,22771,22795
4.11393,22795,22888
4.11393,22888,22894
4.11393,22894,22987
4.11493,22987,22993
4.11693,22993,23085
4.11693,23085,23091
4.11693,23091,23183
4.11793,23183,23189
4.11793,23189,23254
4.11893,23254,23287
4.11993,23287,23320
4.12293,23320,23411
4.12293,23411,23501
4.12793,23501,23591
4.12793,23591,23648
4.12993,23648,23738
4.13493,23738,23827
4.13693,23827,23916
4.24493,23916,24005
4.24593,24005,24093
4.24593,24093,24181
4.34793,24181,24269
4.34793,24269,24356
4.34893,24356,24443
4.34893,24443,24530
4.35093,24530,24616
4.35193,24616,24702
4.35393,24702,24788
4.35393,24788,24873
4.35593,24873,24958
4.35593,24958,25043
4.35693,25043,25128
4.35793,25128,25212
4.35893,25212,25296
4.36093,25296,25380
4.36193,25380,12690
4.42693,12690,12857
4.94593,12857,13022
4.94593,13022,13185
4.94793,13185,13346
4.94893,13346,13505
4.95393,13505,13662
4.95393,13662,13818
4.95393,13818,13972
4.95493,13972,14124
4.95993,14124,14274
5.02493,14274,14423
5.02593,14423,14570
5.02594,14570,14716
5.02693,14716,14860
5.02793,14860,15003
5.02793,15003,15144
5.02893,15144,15284
5.03093,15284,15423
5.03193,15423,15561
5.14693,15561,15697
5.14893,15697,15832
5.14893,15832,15966
5.15393,15966,16099
5.15393,16099,16231
5.15993,16231,16362
5.15993,16362,16492
5.26494,16492,8246
5.54593,8246,8504
5.54694,8504,8754
5.54793,8754,8997
5.86493,8997,9233
5.86493,9233,9463
5.86593,9463,9688
5.86793,9688,9908
5.86794,9908,10122
5.86794,10122,10332
5.86994,10332,10538
5.86994,10538,10740
5.91594,10740,10938
5.95493,10938,11132
5.95493,11132,11323
5.96293,11323,11511
5.96293,11511,11696
5.96293,11696,11878
5.96493,11878,12057
5.97093,12057,12233
6.18593,12233,12407
6.18593,12407,12578
6.18593,12578,12589
6.18594,12589,12758
6.18594,12758,12924
6.18594,12924,13088
6.18893,13088,13244
6.18893,13244,13404
6.19093,13404,13563
6.19093,13563,13720
6.19193,13720,13875
6.34493,13875,14028
6.34693,14028,14179
6.35093,14179,14329
6.35093,14329,14477
6.35393,14477,14624
6.35393,14624,14769
6.35793,14769,14913
6.35793,14913,15048
6.35793,15048,15189
6.35793,15189,15198
6.36493,15198,15338
6.36493,15338,15397
6.47593,15397,15535
6.47693,15535,15671
6.47693,15671,15807
6.75093,15807,15941
6.75093,15941,16074
6.75593,16074,16205
6.75593,16205,16323
6.75593,16323,16453
6.75693,16453,16461
6.75793,16461,16590
6.75893,16590,16598
6.75893,16598,16689
6.75993,16689,16735
6.76093,16735,16781
6.76493,16781,16872
6.76693,16872,16998
6.76693,16998,17007
6.76693,17007,17132
6.76893,17132,17140
6.76893,17140,17228
7.03093,17228,17351
7.03393,17351,17473
7.03393,17473,17594
7.03393,17594,17626
7.03393,17626,17746
7.03393,17746,17796
7.03493,17796,17915
7.03493,17915,17967
7.03593,17967,18085
7.03693,18085,18202
7.03793,18202,18319
7.03793,18319,18435
7.03893,18435,18550
7.10493,18550,18664
7.10793,18664,18778
7.10793,18778,18891
7.10793,18891,19003
7.10794,19003,19115
7.10794,19115,19226
7.10993,19226,19336
7.11193,19336,19446
7.11193,19446,19453
7.11193,19453,19562
7.11293,19562,19648
7.11293,19648,19725
7.11293,19725,19764
7.11393,19764,19803
7.11394,19803,19841
7.11394,19841,19917
7.23593,19917,20024
7.23593,20024,20033
7.46693,20033,20139
7.46693,20139,20184
7.46693,20184,20289
7.46693,20289,20296
7.46693,20296,20370
7.46893,20370,20407
7.47193,20407,20481
7.47193,20481,20518
7.47193,20518,20555
7.47193,20555,20592
7.56493,20592,20695
7.56593,20695,20797
7.56893,20797,20899
8.02493,20899,21000
8.02493,21000,21101
8.02494,21101,21201
8.02494,21201,21301
8.02693,21301,21400
8.02793,21400,21499
8.02793,21499,21597
8.02893,21597,21650
8.02893,21650,21720
8.02993,21720,21818
8.02993,21818,21915
8.02993,21915,21931
8.03093,21931,22028
8.03093,22028,22124
8.03093,22124,22173
8.03193,22173,22269
8.03293,22269,22364
8.03293,22364,22459
8.10493,22459,22553
8.10693,22553,22647
8.10893,22647,22688
8.11093,22688,22781
8.11193,22781,22874
8.11193,22874,22967
8.11493,22967,23059
8.11593,23059,23151
8.11693,23151,23243
8.11993,23243,23289
8.12093,23289,23380
8.12093,23380,23418
8.12093,23418,23509
8.12193,23509,23515
8.12193,23515,23579
8.12293,23579,23643
8.12393,23643,23707
8.12393,23707,23771
8.12393,23771,23803
8.12493,23803,23835
8.12593,23835,23867
8.12793,23867,23956
8.12793,23956,24044
8.15493,24044,24132
8.15693,24132,24219
8.15693,24219,24307
8.15993,24307,24394
8.15993,24394,24481
8.15993,24481,24567
8.16293,24567,24653
8.16493,24653,24738
8.16493,24738,24824
8.16693,24824,24909
8.16993,24909,24994
8.17293,24994,25078
8.17293,25078,25162
8.17393,25162,25246
8.17493,25246,25330
8.18093,25330,25413
8.20294,25413,25496
8.20294,25496,25579
8.20393,25579,25662
8.20594,25662,25744
8.20594,25744,25826
8.20594,25826,25908
8.20594,25908,25990
8.20793,25990,26071
8.20793,26071,26152
8.20893,26152,26233
8.20993,26233,26314
8.21193,26314,26394
8.21493,26394,26474
8.21494,26474,26554
8.21693,26554,26634
8.21793,26634,26713
8.21793,26713,26724
8.35493,26724,26803
8.35494,26803,26882
8.35593,26882,26961
8.35693,26961,27040
8.35693,27040,27118
8.35793,27118,27196
8.35894,27196,27274
8.35894,27274,27352
8.36093,27352,27429
8.36093,27429,27506
8.36094,27506,27583
8.36193,27583,27660
8.36293,27660,27737
8.36294,27737,27813
8.36294,27813,27889
8.36493,27889,27965
8.36494,27965,28041
8.36593,28041,28116
8.36693,28116,28191
8.36693,28191,28266
8.40394,28266,28341
8.40493,28341,28416
8.40493,28416,28491
8.40494,28491,28565
8.40494,28565,28639
8.40593,28639,28713
8.40694,28713,28787
8.40694,28787,28860
8.40694,28860,28933
8.41093,28933,29006
8.41093,29006,29079
8.41193,29079,29152
8.41294,29152,29225
8.41294,29225,29297
8.41294,29297,29369
8.41494,29369,29441
8.41494,29441,29513
8.41793,29513,29585
8.41893,29585,29657
8.54493,29657,29728
8.54893,29728,29799
8.54893,29799,29829
8.54893,29829,29900
8.54893,29900,29904
8.54993,29904,29954
8.55093,29954,30004
8.55093,30004,30075
8.55193,30075,30145
8.55493,30145,30215
8.55593,30215,30285
8.55893,30285,30355
8.56093,30355,30425
8.56493,30425,30495
8.56493,30495,30564
8.56493,30564,30633
8.56693,30633,30702
8.56893,30702,30771
8.57193,30771,30840
8.57393,30840,30909
8.57693,30909,30977
8.57793,30977,31045
8.58093,31045,31113
8.58093,31113,31181
8.62593,31181,31249
8.62593,31249,31317
8.62793,31317,31385
8.62793,31385,31452
8.62993,31452,31519
8.62994,31519,31586
8.63093,31586,31653
8.63193,31653,31720
8.63293,31720,31787
8.63293,31787,31854
8.63393,31854,31920
8.63593,31920,31986
8.63793,31986,32052
8.63793,32052,32118
8.63993,32118,32184
8.63994,32184,32250
8.64093,32250,32316
8.64193,32316,32381
8.64293,32381,32446
8.64293,32446,32511
8.64393,32511,32576
8.70694,32576,32641
8.70694,32641,32706
8.74393,32706,32771
8.74393,32771,32836
8.78493,32836,32900
8.78493,32900,32964
8.78893,32964,33028
8.78993,33028,33092
8.79293,33092,33156
8.79293,33156,33220
8.79393,33220,33284
8.79593,33284,33347
8.79793,33347,33410
8.79793,33410,33473
8.79993,33473,33536
8.80293,33536,33599
8.80293,33599,33662
8.80693,33662,33725
8.80793,33725,33788
8.80893,33788,33851
8.80893,33851,33913
8.81193,33913,33975
8.81593,33975,34037
8.81593,34037,34099
8.81993,34099,34161
8.81993,34161,34223
8.86593,34223,34285
8.86593,34285,34347
8.86893,34347,34409
8.87093,34409,34470
8.87093,34470,34531
8.87293,34531,34592
8.87493,34592,34653
8.87693,34653,34714
8.87993,34714,34775
8.88193,34775,34836
8.88393,34836,34897
8.88393,34897,34958
8.88693,34958,35018
8.88893,35018,35078
8.89293,35078,35138
8.89493,35138,35198
8.89693,35198,35258
8.89693,35258,35318
8.89893,35318,35378
8.89993,35378,35438
8.89993,35438,35498
8.90593,35498,35558
8.90593,35558,35617
8.91893,35617,35676
8.91893,35676,35735
8.91993,35735,35794
8.93893,35794,35853
8.93893,35853,35912
8.95693,35912,35971
8.95993,35971,36030
8.96193,36030,36089
8.96393,36089,36148
8.96593,36148,36206
8.97093,36206,36264
8.97093,36264,36322
8.97793,36322,36380
8.98193,36380,36438
8.98193,36438,36496
8.98393,36496,36554
8.98593,36554,36612
8.98594,36612,36670
8.98594,36670,36728
8.98694,36728,36786
8.98793,36786,36843
8.98793,36843,36900
8.98893,36900,36957
8.98893,36957,37014
8.98894,37014,37071
8.98993,37071,37128
8.98993,37128,37185
8.98994,37185,37242
8.98994,37242,37299
8.99994,37299,37356
9.00193,37356,37413
9.00393,37413,37469
9.00593,37469,37525
9.00893,37525,37581
9.01293,37581,37637
9.01294,37637,37693
9.02094,37693,37749
9.03193,37749,37805
9.03193,37805,37861
9.03193,37861,37917
9.03493,37917,37973
9.03493,37973,38029
9.03793,38029,38085
9.04293,38085,38140
9.04693,38140,38195
9.05493,38195,38250
9.05493,38250,38305
9.05493,38305,38360
9.05893,38360,38415
9.10593,38415,38470
9.10593,38470,38525
9.11193,38525,38580
9.11193,38580,38635
9.11693,38635,38690
9.12093,38690,38745
9.12493,38745,38800
9.12893,38800,38854
9.13293,38854,38908
9.13893,38908,38962
9.14093,38962,39016
9.14093,39016,39070
9.14493,39070,39124
9.14793,39124,39178
9.14993,39178,39232
9.15393,39232,39286
9.15393,39286,39340
9.15593,39340,39394
9.16093,39394,39448
9.16193,39448,39501
9.16393,39501,39554
9.16493,39554,39607
9.16593,39607,39660
9.16893,39660,39713
9.17093,39713,39766
9.17493,39766,39819
9.17893,39819,39872
9.17893,39872,39925
9.18193,39925,39978
9.18193,39978,40031
9.18293,40031,40084
9.18493,40084,40137
9.18594,40137,40190
9.19993,40190,40243
9.20093,40243,40295
9.21593,40295,40347
9.21993,40347,40399
9.21993,40399,40451
9.26493,40451,40503
9.26493,40503,40555
9.26793,40555,40607
9.26993,40607,40659
9.26993,40659,40711
9.27093,40711,40763
9.27393,40763,40815
9.27393,40815,40867
9.27593,40867,40919
9.27693,40919,40971
9.27893,40971,41023
9.27893,41023,41074
9.27993,41074,41125
9.28093,41125,41176
9.28193,41176,41227
9.28193,41227,41278
9.28393,41278,41329
9.29293,41329,41380
9.29293,41380,41431
9.29693,41431,41482
9.29893,41482,41533
9.30093,41533,41584
9.30393,41584,41635
9.30393,41635,41686
9.38893,41686,41737
9.39093,41737,41788
9.39093,41788,41839
9.39293,41839,41889
9.39393,41889,41939
9.39693,41939,41989
9.39893,41989,42039
9.39893,42039,42089
9.39993,42089,42139
9.40293,42139,42189
9.40293,42189,42239
9.40293,42239,42289
9.40393,42289,42339
9.40693,42339,42389
9.40793,42389,42439
9.40793,42439,42489
9.41093,42489,42539
9.41193,42539,42589
9.41393,42589,42639
9.41393,42639,42688
9.41493,42688,42737
9.41493,42737,42786
9.41693,42786,42835
9.41993,42835,42884
9.42093,42884,42933
9.42193,42933,42982
9.42293,42982,43031
9.42293,43031,43080
9.43093,43080,43129
9.43293,43129,43178
9.43393,43178,43227
9.43693,43227,43276
9.43893,43276,43325
9.44093,43325,43374
9.44093,43374,43423
9.44293,43423,43472
9.44693,43472,43521
9.45093,43521,43569
9.45093,43569,43617
9.45093,43617,43665
9.45493,43665,43713
9.45493,43713,43761
9.45993,43761,43809
9.46193,43809,43857
9.46193,43857,43905
9.46393,43905,43953
9.51593,43953,44001
9.62494,44001,44049
9.62494,44049,44097
9.62693,44097,44145
9.62693,44145,44193
9.62793,44193,44241
9.62893,44241,44289
9.62993,44289,44337
9.63093,44337,44385
9.63094,44385,44432
9.63094,44432,44479
9.63393,44479,44526
9.63593,44526,44573
9.63594,44573,44620
9.63693,44620,44667
9.63893,44667,44714
9.63993,44714,44761
9.63993,44761,44808
9.64193,44808,44855
9.64293,44855,44902
9.64393,44902,44949
9.64393,44949,44996
9.64493,44996,45043
9.64794,45043,45090
9.64794,45090,45137
9.64993,45137,45184
9.64993,45184,45231
9.64993,45231,45278
9.65193,45278,45325
9.65293,45325,45371
9.65693,45371,45417
9.65693,45417,45463
9.65894,45463,45509
9.65894,45509,45555
10.0249,45555,45601
10.0259,45601,45647
10.0269,45647,45693
10.0279,45693,45739
10.0279,45739,45785
10.0279,45785,45831
10.0299,45831,45877
10.0309,45877,45923
10.0319,45923,45969
10.0319,45969,46015
10.0339,46015,46061
10.0339,46061,46107
10.0369,46107,46153
10.0369,46153,46199
10.0369,46199,46245
10.0389,46245,46291
10.0399,46291,46337
10.0399,46337,46382
10.0409,46382,46427
10.0409,46427,46472
10.0429,46472,46517
10.0449,46517,46562
10.0449,46562,46607
10.0459,46607,46652
10.0469,46652,46697
10.0489,46697,46742
10.0499,46742,46787
10.0509,46787,46832
10.0509,46832,46877
10.0509,46877,46922
10.0529,46922,46967
10.0549,46967,47012
10.0549,47012,47057
10.1879,47057,47102
10.1989,47102,47147
10.1989,47147,47192
10.6249,47192,47237
10.6269,47237,47282
10.6279,47282,47327
10.6289,47327,47372
10.6289,47372,47416
10.6299,47416,47460
10.6299,47460,47504
10.6299,47504,47548
10.6309,47548,47592
10.6319,47592,47636
10.6319,47636,47680
10.6339,47680,47724
10.6339,47724,47768
10.6359,47768,47812
10.6359,47812,47856
10.6379,47856,47900
10.6389,47900,47944
10.6389,47944,47988
10.6389,47988,48032
10.6399,48032,48076
10.6409,48076,48120
10.6409,48120,48164
10.6409,48164,48208
10.6419,48208,48252
10.6419,48252,48296
10.6429,48296,48340
10.6429,48340,48384
10.6429,48384,48428
10.6439,48428,48472
10.6459,48472,48515
10.6459,48515,48558
10.6469,48558,48601
10.6479,48601,48644
10.6479,48644,48687
10.7559,48687,48730
11.1459,48730,48773
11.1479,48773,48816
11.1499,48816,48859
11.1529,48859,48902
11.1569,48902,48945
11.1569,48945,48988
11.1589,48988,49031
11.1619,49031,49074
11.1659,49074,49117
11.1659,49117,49160
11.1679,49160,49203
11.1679,49203,49246
11.1689,49246,49289
11.1699,49289,49332
11.1719,49332,49375
11.1739,49375,49418
11.1769,49418,49461
11.1799,49461,49504
11.1799,49504,49547
11.1799,49547,49590
11.1819,49590,49632
11.1819,49632,49674
11.1839,49674,49716
11.2259,49716,49758
11.2259,49758,49800
11.2269,49800,49842
11.2289,49842,49884
11.2289,49884,49926
11.2299,49926,49968
11.2319,49968,50010
11.2329,50010,50052
11.2329,50052,50094
11.2359,50094,50136
11.2369,50136,50178
11.2369,50178,50220
11.2379,50220,50262
11.2389,50262,50304
11.2399,50304,50346
11.2399,50346,50388
11.2409,50388,50430
11.2409,50430,50472
11.2429,50472,50514
11.2429,50514,50556
11.2429,50556,50598
11.2439,50598,50640
11.2469,50640,50682
11.2469,50682,50724
11.2479,50724,50766
11.2489,50766,50807
11.2489,50807,50848
11.2499,50848,50889
11.2509,50889,50930
11.2529,50930,50971
11.2559,50971,51012
11.2559,51012,51053
11.2559,51053,51094
11.2569,51094,51135
11.2569,51135,51176
11.4249,51176,51217
11.4259,51217,51258
11.4269,51258,51299
11.4289,51299,51340
11.4319,51340,51381
11.4319,51381,51422
11.4389,51422,51463
11.4389,51463,51504
11.4419,51504,51545
11.4439,51545,51586
11.4439,51586,51627
11.4519,51627,51668
11.4539,51668,51709
11.4569,51709,51750
11.4569,51750,51791
11.4639,51791,51832
11.4639,51832,51873
11.5089,51873,51914
11.5089,51914,51955
11.5089,51955,51996
11.5099,51996,52036
11.5099,52036,52076
11.5099,52076,52116
11.5119,52116,52156
11.5139,52156,52196
11.5139,52196,52236
11.5139,52236,52276
11.5159,52276,52316
11.5169,52316,52356
11.5189,52356,52396
11.5189,52396,52436
11.5189,52436,52476
11.5189,52476,52516
11.5209,52516,52556
11.5229,52556,52596
11.5249,52596,52636
11.5249,52636,52676
11.5259,52676,52716
11.5269,52716,52756
11.5269,52756,52796
11.5279,52796,52836
11.5319,52836,52876
11.5319,52876,52916
11.5319,52916,52956
11.5329,52956,52996
11.5329,52996,53036
11.5339,53036,53076
11.5349,53076,53116
11.5359,53116,53156
11.5359,53156,53196
11.5379,53196,53236
11.5379,53236,53276
11.7499,53276,53315
11.7499,53315,53354
11.7499,53354,53393
11.7569,53393,53432
11.7569,53432,53471
11.7619,53471,53510
11.7669,53510,53549
11.7769,53549,53588
11.7769,53588,53627
11.7769,53627,53666
11.7819,53666,53705
11.8349,53705,53744
11.8379,53744,53783
11.8379,53783,53822
11.8389,53822,53861
11.8409,53861,53900
11.8419,53900,53939
11.8419,53939,53978
11.8419,53978,54017
11.8429,54017,54056
11.8439,54056,54095
11.8459,54095,54134
11.8479,54134,54173
11.8479,54173,54212
11.8499,54212,54251
11.8519,54251,54290
11.8519,54290,54329
11.8519,54329,54368
11.8529,54368,54407
11.8539,54407,54446
11.8569,54446,54485
11.8579,54485,54524
11.8589,54524,54563
11.8589,54563,54602
11.8609,54602,54641
11.8609,54641,54680
11.8619,54680,54718
11.8619,54718,54756
11.8629,54756,54794
11.8639,54794,54832
11.8639,54832,54870
12.0849,54870,54908
12.4749,54908,54946
12.4779,54946,54984
12.4779,54984,55022
12.4779,55022,55060
12.4789,55060,55098
12.4799,55098,55136
12.4819,55136,27568
12.5299,27568,27645
12.5329,27645,27722
12.5329,27722,27798
12.5359,27798,27874
12.5359,27874,27950
12.5359,27950,28026
12.5399,28026,28102
12.5399,28102,28177
12.5399,28177,28252
12.7049,28252,28327
12.7049,28327,28402
12.7069,28402,28476
12.7069,28476,28550
12.7089,28550,28624
12.7089,28624,28698
12.7109,28698,28772
12.7109,28772,28846
12.7129,28846,28919
12.7129,28919,28992
12.7179,28992,29065
12.7179,29065,29138
12.7179,29138,29211
12.7209,29211,29283
12.7209,29283,29355
12.7209,29355,29427
12.7279,29427,29499
12.7279,29499,29571
12.7279,29571,29643
12.7299,29643,29714
12.7319,29714,29785
12.7999,29785,29856
12.7999,29856,29927
13.0259,29927,29998
13.0259,29998,30069
13.0269,30069,30139
13.0269,30139,30209
13.0289,30209,30279
13.0289,30279,30349
13.0319,30349,30419
13.0319,30419,30489
13.0319,30489,30558
13.0329,30558,30627
13.0339,30627,30696
13.0339,30696,30765
13.0369,30765,30834
13.0409,30834,30903
13.0409,30903,30971
13.0409,30971,31039
13.0429,31039,31107
13.0459,31107,31175
13.0469,31175,31243
13.0469,31243,31273
13.0469,31273,31341
13.0589,31341,31370
13.1849,31370,31394
13.1849,31394,31418
13.1859,31418,31442
13.1859,31442,31466
13.1869,31466,31514
13.1869,31514,31562
13.1879,31562,31586
13.1879,31586,31610
13.1889,31610,31658
13.1889,31658,31705
13.1899,31705,31729
13.1899,31729,31753
13.1919,31753,31820
13.1919,31820,31826
13.1919,31826,31892
13.1919,31892,31896
13.1919,31896,31943
13.1929,31943,31967
13.1929,31967,31991
13.1939,31991,32038
13.1949,32038,32062
13.1949,32062,32109
13.1949,32109,32133
13.1959,32133,32156
13.1979,32156,32222
13.2019,32222,32287
13.2019,32287,32353
13.2019,32353,32418
13.2039,32418,32483
13.2059,32483,32548
13.2079,32548,32613
13.2079,32613,32678
13.2099,32678,32743
13.2109,32743,32807
13.2129,32807,32871
13.2649,32871,32935
13.2699,32935,32999
13.2699,32999,33063
13.2739,33063,33127
13.2779,33127,33190
13.2779,33190,33254
13.2779,33254,33317
13.2809,33317,33380
13.2839,33380,33443
13.2859,33443,33506
13.2859,33506,33569
13.2869,33569,33632
13.2879,33632,33695
13.2899,33695,33758
13.2919,33758,33820
13.2959,33820,33883
13.2979,33883,33945
13.2989,33945,34007
13.2989,34007,34069
13.3029,34069,34131
13.3029,34131,34147
13.3039,34147,34209
13.3039,34209,34213
13.3049,34213,34275
13.3049,34275,34279
13.3059,34279,34341
13.3059,34341,34345
13.3129,34345,34407
13.3129,34407,34468
13.3179,34468,34529
13.3219,34529,34590
13.3219,34590,34651
13.3219,34651,34701
13.3239,34701,34762
13.3269,34762,34823
13.3319,34823,34884
13.3319,34884,34945
13.3319,34945,34987
13.3319,34987,35047
13.3319,35047,35107
13.3329,35107,35167
13.3349,35167,35227
13.3399,35227,35287
13.3409,35287,35347
13.3409,35347,35407
13.3439,35407,35467
13.5469,35467,35527
13.5469,35527,35586
13.5489,35586,35645
13.5499,35645,35704
13.5499,35704,35763
13.5509,35763,35822
13.5509,35822,35873
13.5519,35873,35932
13.5529,35932,35991
13.5529,35991,36000
13.5529,36000,36059
13.5529,36059,36063
13.5539,36063,18031
13.6029,18031,18115
13.6059,18115,18232
13.6059,18232,18348
13.6059,18348,18464
13.6659,18464,18579
13.6699,18579,18693
13.6699,18693,18806
13.6699,18806,18919
13.6699,18919,19031
13.6729,19031,19069
13.6759,19069,19180
13.6759,19180,19226
13.6759,19226,19336
13.6769,19336,19343
13.6789,19343,19453
13.6789,19453,19460
13.6789,19460,19569
13.6789,19569,19576
13.6799,19576,19684
13.6809,19684,19691
13.6809,19691,19768
13.6819,19768,19806
13.6839,19806,19844
13.6879,19844,19951
13.6879,19951,20057
13.7849,20057,20153
13.7849,20153,20228
13.7859,20228,20266
13.7859,20266,20304
13.7859,20304,20341
13.7869,20341,20378
13.7869,20378,20415
13.7879,20415,20519
13.7879,20519,20622
13.7879,20622,20725
13.7889,20725,20827
13.7889,20827,20929
13.7899,20929,20975
13.7909,20975,21076
13.7909,21076,21082
13.7909,21082,21183
13.7919,21183,21283
13.7919,21283,21383
13.8649,21383,21482
13.8649,21482,21581
13.8689,21581,21623
13.8709,21623,21721
13.8719,21721,21819
13.8719,21819,21916
13.8759,21916,22013
13.8789,22013,22109
13.8819,22109,22205
13.8849,22205,22300
13.8879,22300,22395
13.8899,22395,22490
13.8929,22490,22584
13.8959,22584,22678
13.8979,22678,22771
14.1559,22771,22864
14.1559,22864,22957
14.1559,22957,23049
14.1579,23049,23141
14.1579,23141,23233
14.1579,23233,23324
14.1599,23324,23415
14.1599,23415,23505
14.1609,23505,23595
14.1619,23595,23685
14.1619,23685,23774
14.1629,23774,23863
14.1639,23863,23952
14.1639,23952,24040
14.1659,24040,24128
14.1679,24128,24216
14.2389,24216,24304
14.2409,24304,24391
14.2539,24391,24478
14.2539,24478,24565
14.2539,24565,24651
14.2589,24651,24737
14.2589,24737,24823
14.2589,24823,24908
14.3569,24908,24993
14.3699,24993,25078
14.3699,25078,25162
14.7209,25162,25246
14.7229,25246,25330
14.7229,25330,25414
14.7319,25414,25497
14.7359,25497,25580
14.7429,25580,25663
14.7429,25663,25746
14.7879,25746,25828
14.7879,25828,25910
14.7879,25910,25992
14.7909,25992,26073
14.7909,26073,26154
14.7909,26154,26235
14.7949,26235,26316
14.7969,26316,26396
14.7969,26396,26476
14.7989,26476,26556
14.8009,26556,26636
14.8039,26636,26715
14.8039,26715,26794
14.8059,26794,26873
14.8069,26873,13436
14.8999,13436,13594
14.8999,13594,13750
14.9019,13750,13904
14.9879,13904,14057
14.9879,14057,14208
15.1099,14208,14358
15.1099,14358,14506
15.1099,14506,14652
15.1139,14652,14797
15.1159,14797,14941
15.1159,14941,15028
15.1169,15028,15169
15.1169,15169,15178
15.1179,15178,15318
15.1179,15318,15327
15.1189,15327,15377
15.1189,15377,15427
15.1199,15427,15476
15.1209,15476,15525
15.1219,15525,15574
15.3049,15574,15710
15.3089,15710,15844
15.3089,15844,15965
15.3099,15965,16098
15.3119,16098,16230
15.3119,16230,16361
15.3129,16361,16487
15.3129,16487,16579
15.3139,16579,16670
15.3139,16670,16716
15.3159,16716,16762
15.4669,16762,8381
15.5139,8381,8635
15.6259,8635,8881
15.6259,8881,9073
15.6269,9073,9157
15.6269,9157,9241
15.6269,9241,9324
15.6279,9324,9486
15.6279,9486,9567
15.6279,9567,9647
15.6279,9647,9726
15.6289,9726,9805
15.6289,9805,9883
15.6299,9883,9961
15.6319,9961,10174
15.6329,10174,10344
15.7849,10344,10418
15.7849,10418,10491
15.7849,10491,10635
15.7859,10635,10707
15.7859,10707,10848
15.7859,10848,10919
15.7859,10919,10989
15.7859,10989,11059
15.7869,11059,11251
15.7879,11251,11439
15.7889,11439,11625
15.7889,11625,11807
15.7889,11807,11872
15.8339,11872,11936
15.8339,11936,12063
15.8339,12063,12188
15.8349,12188,12251
15.8359,12251,12313
15.8359,12313,12486
15.8379,12486,12624
15.8399,12624,12792
15.8399,12792,12803
15.8409,12803,12969
15.8409,12969,12980
15.8409,12980,13144
15.8419,13144,13155
15.8759,13155,13317
15.8759,13317,13476
15.8849,13476,13501
15.8859,13501,13658
15.8859,13658,13813
15.8899,13813,13967
15.8899,13967,14119
15.8959,14119,14269
15.8959,14269,14418
15.9699,14418,14565
15.9699,14565,14711
15.9699,14711,14855
15.9699,14855,14864
15.9739,14864,15007
15.9739,15007,15149
15.9789,15149,15289
15.9789,15289,15428
15.9839,15428,15566
15.9839,15566,15702
16.0699,15702,15837
16.0699,15837,15971
16.0759,15971,16104
16.0759,16104,16236
16.0779,16236,16367
16.0779,16367,16497
16.0869,16497,16626
16.0869,16626,16724
16.0939,16724,16851
16.0939,16851,16951
16.0939,16951,17076
16.0959,17076,17084
16.1459,17084,17208
16.1459,17208,17262
16.1489,17262,17385
16.1489,17385,17482
16.1509,17482,17603
16.1519,17603,17611
16.1529,17611,8805
16.3969,8805,8977
16.4649,8977,9213
16.4649,9213,9444
16.4669,9444,9668
16.4679,9668,9888
16.4699,9888,10102
16.4699,10102,10313
16.5139,10313,10518
16.5139,10518,10720
16.5139,10720,10809
16.5159,10809,11006
16.5169,11006,11199
16.5169,11199,11227
16.5169,11227,11416
16.5169,11416,11428
16.5169,11428,11614
16.5189,11614,11626
16.7889,11626,11809
16.7889,11809,11989
16.7889,11989,12166
16.7959,12166,12341
16.8009,12341,12513
16.8009,12513,12683
16.8029,12683,12851
16.8029,12851,12894
16.8079,12894,13059
16.8079,13059,13222
17.0259,13222,13383
17.0259,13383,13478
17.0269,13478,13636
17.0299,13636,13792
17.0299,13792,13946
17.0299,13946,14039
17.0299,14039,14190
17.0299,14190,14252
17.0319,14252,14401
17.0319,14401,14518
17.0339,14518,14664
17.0339,14664,14673
17.2669,14673,14725
17.2669,14725,14828
17.2679,14828,14931
17.2689,14931,15073
17.2689,15073,15084
17.2689,15084,15225
17.2689,15225,15234
17.2699,15234,15333
17.2709,15333,15383
17.2719,15383,15433
17.2719,15433,15531
17.2719,15531,15580
17.2729,15580,15629
17.2759,15629,15765
17.2759,15765,15777
17.2769,15777,15912
17.2769,15912,16018
17.4249,16018,16151
17.4269,16151,16282
17.4289,16282,16412
17.4289,16412,16444
17.4299,16444,16573
17.4299,16573,16581
17.4299,16581,16672
17.4309,16672,16799
17.4309,16799,16925
17.4359,16925,16946
17.4369,16946,17071
17.4389,17071,17195
17.4389,17195,17318
17.4389,17318,17391
17.4439,17391,17513
17.4439,17513,17634
17.5059,17634,17754
17.5079,17754,17873
17.5079,17873,17992
17.5099,17992,18110
17.5099,18110,18127
17.5099,18127,18244
17.5109,18244,18252
17.5119,18252,18368
17.5129,18368,18483
17.5169,18483,18598
17.5199,18598,18710
17.5249,18710,18823
17.5249,18823,18936
17.6269,18936,19048
17.6279,19048,19159
17.6329,19159,19270
17.6379,19270,19316
17.6429,19316,19426
17.6429,19426,19471
17.6429,19471,19580
17.6429,19580,19587
17.6459,19587,19695
17.6489,19695,19803
17.6489,19803,19860
17.6509,19860,19967
17.6519,19967,20073
17.6599,20073,20179
17.6599,20179,20284
17.7449,20284,20389
17.7449,20389,20493
17.7469,20493,20597
17.7489,20597,20700
17.7489,20700,20802
17.7519,20802,20904
17.7579,20904,21005
17.7609,21005,21106
17.7609,21106,21206
17.7639,21206,21306
17.7639,21306,21406
17.7669,21406,21505
17.7669,21505,21604
17.8369,21604,21702
17.8369,21702,21800
17.8369,21800,21897
17.8379,21897,21994
17.8389,21994,22070
17.8389,22070,22138
17.8389,22138,22206
17.8399,22206,22301
17.8419,22301,22396
17.8419,22396,22491
17.8419,22491,22585
17.8469,22585,22679
17.8469,22679,22772
17.8469,22772,22788
17.8479,22788,22881
17.8479,22881,22974
17.8479,22974,22987
18.0259,22987,23079
18.0259,23079,23171
18.0259,23171,23251
18.0269,23251,23342
18.0269,23342,23433
18.0269,23433,23446
18.0269,23446,23536
18.0279,23536,23542
18.0279,23542,23606
18.0289,23606,23696
18.0299,23696,23704
18.0309,23704,23793
18.0309,23793,23863
18.0329,23863,11931
18.1509,11931,12058
18.2669,12058,12234
18.2669,12234,12408
18.2729,12408,12579
18.2729,12579,12748
18.2729,12748,12915
18.2729,12915,13080
18.2779,13080,13151
18.2819,13151,13313
18.2819,13313,13380
18.2839,13380,13539
18.2879,13539,13696
18.3449,13696,13851
18.3449,13851,13891
18.3449,13891,14044
18.3449,14044,14054
18.3459,14054,14162
18.3469,14162,14216
18.3489,14216,14270
18.3489,14270,14324
18.3489,14324,14377
18.3489,14377,14430
18.3519,14430,14577
18.3519,14577,14722
18.3529,14722,14866
18.3539,14866,15008
18.3999,15008,15150
18.3999,15150,15289
18.3999,15289,15428
18.4009,15428,15565
18.4029,15565,15701
18.4059,15701,15836
18.4059,15836,15970
18.4059,15970,16054
18.4069,16054,16186
18.4069,16186,16241
18.4079,16241,16372
18.4079,16372,16380
18.4359,16380,16510
18.4389,16510,16639
18.4429,16639,16767
18.4429,16767,16798
18.4469,16798,16924
18.4469,16924,16932
18.4479,16932,17057
18.4479,17057,17065
18.4499,17065,17189
18.4499,17189,17242
18.4509,17242,17365
18.4509,17365,17373
18.4509,17373,17460
18.4519,17460,17546
18.4529,17546,17589
18.4549,17589,17632
18.4549,17632,17675
18.4549,17675,17760
18.4719,17760,17880
18.4719,17880,17890
18.4849,17890,17933
18.4849,17933,18017
18.4869,18017,18102
18.4869,18102,18185
18.4919,18185,18227
18.4919,18227,18310
18.4929,18310,18352
18.4929,18352,18434
18.4959,18434,18549
18.4959,18549,18559
18.4999,18559,18673
18.4999,18673,18680
18.4999,18680,18794
18.5009,18794,18801
18.5039,18801,18914
18.5039,18914,18922
18.6529,18922,19034
18.6529,19034,19145
18.6579,19145,19256
18.6579,19256,19366
18.6589,19366,19476
18.6589,19476,19523
18.6589,19523,19632
18.6599,19632,19740
18.6599,19740,19757
18.6609,19757,19864
18.6609,19864,19871
18.6619,19871,19978
18.6619,19978,20023
18.6619,20023,20129
18.6619,20129,20136
18.6639,20136,20241
18.6639,20241,20287
19.0649,20287,20392
19.0649,20392,20399
19.0689,20399,20436
19.0689,20436,20473
19.0689,20473,20510
19.0689,20510,20547
19.0759,20547,20650
19.0759,20650,20752
19.0799,20752,20854
19.0799,20854,20955
19.0799,20955,21028
19.0849,21028,21129
19.0849,21129,21135
19.0869,21135,21235
19.0869,21235,21241
19.0899,21241,21341
19.0899,21341,21347
19.0899,21347,21446
19.0899,21446,21452
19.0909,21452,21522
19.0929,21522,21621
19.1019,21621,21719
19.1039,21719,21772
19.3859,21772,21869
19.3859,21869,21877
19.3869,21877,21974
19.3869,21974,22070
19.3869,22070,22120
19.3889,22120,22216
19.3889,22216,22256
19.3889,22256,22351
19.3899,22351,22357
19.3899,22357,22424
19.3909,22424,22519
19.3919,22519,22613
19.3929,22613,22707
19.3929,22707,22732
19.3929,22732,22825
19.3929,22825,22831
19.3939,22831,22897
19.3939,22897,22990
19.3959,22990,23082
19.3979,23082,23174
19.3979,23174,23265
19.3979,23265,23356
19.5849,23356,23447
19.5849,23447,23495
19.5859,23495,23585
19.5869,23585,23675
19.5899,23675,23721
19.5899,23721,23810
19.5909,23810,23879
19.5919,23879,23942
19.5919,23942,24005
19.5929,24005,24037
19.5929,24037,24100
19.5929,24100,24131
19.5929,24131,24162
19.5939,24162,24193
19.5939,24193,24224
19.5959,24224,24311
19.5959,24311,24350
19.5969,24350,24437
19.5989,24437,24524
19.5989,24524,24537
19.5989,24537,24623
19.5989,24623,24628
19.7159,24628,12314
19.8259,12314,12437
19.8259,12437,12608
19.8299,12608,12777
19.8299,12777,12943
19.8299,12943,13107
19.8329,13107,13269
19.8329,13269,13429
19.8329,13429,13587
19.8329,13587,13638
19.9849,13638,13794
19.9849,13794,13948
19.9859,13948,13972
19.9859,13972,14124
19.9859,14124,14187
19.9869,14187,14337
19.9869,14337,14347
19.9869,14347,14452
19.9879,14452,14505
19.9879,14505,14609
19.9879,14609,14661
19.9879,14661,14713
19.9889,14713,14765
19.9889,14765,14817
19.9889,14817,14869
19.9899,14869,14920
19.9899,14920,14971
19.9909,14971,15022
19.9909,15022,15163
19.9909,15163,15226
20.1029,15226,15276
20.1029,15276,15326
20.1039,15326,15465
20.1059,15465,15602
20.1059,15602,15738
20.1079,15738,15872
20.1079,15872,16006
20.1099,16006,16138
20.1109,16138,16270
20.1129,16270,16400
20.1129,16400,16529
20.1199,16529,16657
20.1199,16657,16784
20.3459,16784,16910
20.3459,16910,17036
20.3479,17036,17160
20.3499,17160,17284
20.3529,17284,17406
20.3529,17406,17528
20.3539,17528,17536
20.3539,17536,17657
20.3559,17657,17751
20.3559,17751,17836
20.3559,17836,17879
20.3559,17879,17922
20.3589,17922,18040
20.3589,18040,18157
20.3609,18157,18274
20.3889,18274,18390
20.3929,18390,18505
20.3949,18505,18619
20.3979,18619,18733
20.3979,18733,18846
20.3999,18846,18959
20.4019,18959,19070
20.4019,19070,19181
20.4059,19181,19291
20.4099,19291,19401
20.4099,19401,19510
20.4129,19510,19619
20.5059,19619,19727
20.6349,19727,19835
20.6369,19835,19941
20.6389,19941,20047
20.6389,20047,20152
20.6399,20152,20257
20.6399,20257,20304
20.6409,20304,20408
20.6409,20408,20415
20.6409,20415,20519
20.6419,20519,20526
20.6429,20526,20629
20.6429,20629,20732
20.6469,20732,20834
20.6479,20834,20897
20.6499,20897,20999
20.6509,20999,21100
20.6539,21100,21201
20.6789,21201,21224
20.6819,21224,10612
20.8269,10612,10812
20.8289,10812,11009
20.8289,11009,11202
20.8289,11202,11392
20.8339,11392,11579
20.8339,11579,11762
21.1269,11762,11943
21.1269,11943,12121
21.1279,12121,12296
21.1279,12296,12469
21.1309,12469,12557
21.1339,12557,12726
21.1359,12726,12893
21.1359,12893,13058
21.1419,13058,13221
21.1419,13221,13382
21.2659,13382,13448
21.3849,13448,13560
21.3849,13560,13671
21.3849,13671,13727
21.3849,13727,13783
21.3849,13783,13838
21.3859,13838,13992
21.3869,13992,14143
21.3869,14143,14293
21.3869,14293,14441
21.3879,14441,14588
21.3889,14588,14733
21.4289,14733,14877
21.4289,14877,15019
21.4289,15019,15160
21.4309,15160,15299
21.4349,15299,15438
21.4349,15438,15575
21.4379,15575,15624
21.4389,15624,15760
21.4409,15760,15816
21.4409,15816,15950
21.4429,15950,16083
21.6369,16083,16215
21.6369,16215,16346
21.7519,16346,16476
21.7519,16476,16605
21.7629,16605,16733
21.7629,16733,16860
21.7649,16860,16986
21.7649,16986,17111
21.7729,17111,17235
21.7739,17235,17358
21.7799,17358,17480
21.7899,17480,17601
21.7919,17601,17722
21.7959,17722,17842
21.7999,17842,17961
21.8099,17961,18079
21.8099,18079,18196
21.8139,18196,18313
21.8139,18313,18429
21.8199,18429,18544
21.8199,18544,18658
21.8239,18658,18772
21.8669,18772,18885
21.8669,18885,18997
21.8759,18997,19109
21.8789,19109,19220
21.8809,19220,19330
21.8869,19330,19440
21.8869,19440,19549
21.8899,19549,19657
21.8899,19657,19765
21.8989,19765,9882
22.0689,9882,10097
22.0699,10097,10307
22.0709,10307,10513
22.1849,10513,10715
22.1849,10715,10913
22.1849,10913,11108
22.1849,11108,11299
22.1899,11299,11487
22.1899,11487,11672
22.1909,11672,11854
22.3859,11854,12033
22.3859,12033,12210
22.3859,12210,12384
22.3879,12384,12556
22.3879,12556,12615
22.3889,12615,12783
22.3889,12783,12949
22.3899,12949,13113
22.3979,13113,13275
22.6659,13275,13435
22.6659,13435,13593
22.6659,13593,13749
22.6669,13749,13904
22.6679,13904,14057
22.6679,14057,14208
22.6679,14208,14282
22.6689,14282,14431
22.6689,14431,14578
22.6709,14578,14724
22.6709,14724,14868
23.1459,14868,14966
23.1459,14966,15067
23.1469,15067,15118
23.1489,15118,15168
23.1489,15168,15268
23.1499,15268,15318
23.1509,15318,15417
23.1519,15417,15467
23.1529,15467,15516
23.1539,15516,15565
23.1549,15565,15614
23.1559,15614,15663
23.1579,15663,15712
23.1579,15712,15808
23.1579,15808,15905
23.1619,15905,16039
23.1619,16039,16049
23.1619,16049,16181
23.1619,16181,16190
23.1649,16190,16321
23.1649,16321,16331
23.2649,16331,16378
23.2659,16378,16508
23.2679,16508,16637
23.2679,16637,16658
23.2689,16658,16785
23.2709,16785,16911
23.2719,16911,17037
23.2759,17037,17162
23.2759,17162,17286
23.2789,17286,17409
23.2789,17409,17531
23.2799,17531,17652
23.2819,17652,17772
23.3539,17772,8886
23.4269,8886,9125
23.5859,9125,9358
23.5859,9358,9585
23.5859,9585,9703
23.5859,9703,9922
23.5879,9922,10012
23.5919,10012,10163
23.5919,10163,10312
23.5919,10312,10386
23.7849,10386,10460
23.7869,10460,10533
23.7889,10533,10606
23.7889,10606,10749
23.7899,10749,10820
23.7909,10820,10891
23.7929,10891,10961
23.7929,10961,11031
23.7929,11031,11100
23.7929,11100,11169
23.7929,11169,11238
23.7959,11238,11375
23.7959,11375,11562
23.7959,11562,11576
23.7979,11576,11760
23.7979,11760,11941
23.9459,11941,12119
23.9499,12119,12294
23.9499,12294,12467
23.9529,12467,12637
23.9529,12637,12805
23.9539,12805,12971
23.9539,12971,13135
23.9579,13135,13263
23.9619,13263,13423
23.9619,13423,13581
24.2369,13581,13737
24.2369,13737,13773
24.3329,13773,13927
24.3329,13927,13992
24.3329,13992,14144
24.3329,14144,14154
24.3339,14154,14261
24.3349,14261,14367
24.3359,14367,14420
24.3379,14420,14473
24.3379,14473,14620
24.3439,14620,14765
24.3439,14765,14909
24.4679,14909,15051
24.4749,15051,15192
24.4749,15192,15331
24.4749,15331,15456
24.4809,15456,15593
24.4809,15593,15650
24.4809,15650,15786
24.4859,15786,15920
24.4909,15920,16053
24.4909,16053,16185
24.5469,16185,16316
24.5499,16316,16446
24.5499,16446,16575
24.5559,16575,16703
24.5619,16703,16830
24.5679,16830,16838
24.5709,16838,16964
24.5709,16964,17089
24.5749,17089,17213
24.5779,17213,17336
24.5779,17336,17458
24.5829,17458,17580
24.9879,17580,17684
24.9879,17684,17727
24.9889,17727,17813
24.9889,17813,17898
24.9899,17898,17941
24.9919,17941,18059
24.9929,18059,18176
24.9939,18176,18293
24.9939,18293,18408
25.0029,18408,18523
25.0069,18523,18637
25.0069,18637,18751
25.0109,18751,18864
25.0109,18864,18976
25.0149,18976,19087
25.0149,19087,19198
25.1479,19198,19308
25.1479,19308,19418
25.1519,19418,19527
25.1569,19527,19636
25.1619,19636,19743
25.1699,19743,19850
25.1709,19850,19956
25.1759,19956,20062
25.2249,20062,20167
25.2249,20167,20272
25.2249,20272,20357
25.2269,20357,20461
25.2269,20461,20504
25.2269,20504,20607
25.2269,20607,20651
25.2279,20651,20688
25.2279,20688,20761
25.2279,20761,20798
25.2289,20798,20900
25.2299,20900,21001
25.2309,21001,21102
25.2319,21102,21202
25.2319,21202,21302
25.2329,21302,21401
25.2339,21401,21500
25.2769,21500,21598
25.2769,21598,21696
25.3049,21696,21793
25.3049,21793,21890
25.3089,21890,21986
25.3089,21986,22082
25.3109,22082,22178
25.3159,22178,22274
25.3169,22274,22369
25.3179,22369,22464
25.3179,22464,22558
25.3199,22558,22652
25.3229,22652,22745
25.3239,22745,22838
25.3269,22838,22930
25.3269,22930,23014
25.3279,23014,23047
25.3279,23047,23080
25.4249,23080,23113
25.4249,23113,23146
25.4259,23146,23179
25.4259,23179,23212
25.4269,23212,23245
25.4279,23245,23278
25.4309,23278,23369
25.4309,23369,23459
25.4319,23459,23549
25.4339,23549,23639
25.4349,23639,23729
25.4369,23729,23818
25.4369,23818,23907
25.4379,23907,23995
25.4379,23995,24083
25.4419,24083,24171
25.4439,24171,24259
25.4439,24259,24346
25.4449,24346,24433
25.4469,24433,24519
25.4469,24519,24605
25.5859,24605,24691
25.5859,24691,24777
25.5859,24777,24862
25.5869,24862,24947
25.5869,24947,25031
25.5879,25031,25116
25.5879,25116,25123
25.5879,25123,25207
25.5879,25207,25212
25.5879,25212,25296
25.5889,25296,25301
25.5889,25301,25361
25.5889,25361,25420
25.5889,25420,25479
25.5899,25479,25562
25.5909,25562,25644
25.5909,25644,25727
25.5909,25727,25749
25.5909,25749,25831
25.5919,25831,25895
25.5919,25895,25953
25.5919,25953,25982
25.5919,25982,26011
25.5929,26011,26040
25.7459,26040,26099
25.7459,26099,26157
25.7459,26157,26186
25.7469,26186,26215
25.7479,26215,26244
25.7509,26244,26325
25.7509,26325,26405
25.7559,26405,26485
25.7559,26485,26506
25.7569,26506,26586
25.7579,26586,26591
25.7589,26591,26671
25.7599,26671,26676
25.7609,26676,26755
25.7609,26755,26834
25.7649,26834,26846
25.7659,26846,26925
25.7679,26925,27004
25.7679,27004,27072
25.7679,27072,27150
25.7689,27150,27155
25.7709,27155,27233
25.7709,27233,27311
25.7739,27311,27324
25.7749,27324,27402
25.7779,27402,27479
25.7779,27479,27556
25.7939,27556,27633
25.7959,27633,27710
25.7959,27710,27786
25.7959,27786,27798
25.7999,27798,27874
25.7999,27874,27950
25.8009,27950,28026
25.8039,28026,28102
25.8039,28102,28177
25.8079,28177,28252
25.8089,28252,28327
25.8119,28327,28402
25.8119,28402,28477
25.8119,28477,28551
25.8129,28551,28625
25.8129,28625,28696
25.8179,28696,28770
25.8199,28770,28844
25.8199,28844,28917
26.1669,28917,28990
26.1679,28990,29063
26.1729,29063,29136
26.1779,29136,29174
26.1819,29174,29247
26.1819,29247,29277
26.1829,29277,29349
26.1839,29349,29353
26.2259,29353,29404
26.2279,29404,29455
26.2279,29455,29506
26.2289,29506,29532
26.2299,29532,29558
26.2299,29558,29584
26.2319,29584,29610
26.2319,29610,29661
26.2329,29661,29686
26.2329,29686,29737
26.2369,29737,29762
26.2369,29762,29813
26.2369,29813,29838
26.2369,29838,29863
26.2379,29863,29888
26.2389,29888,29913
26.2399,29913,29938
26.2409,29938,29963
26.2409,29963,30013
26.2419,30013,30038
26.2429,30038,30063
26.2439,30063,30088
26.2459,30088,30158
26.2459,30158,30228
26.2489,30228,30298
26.2509,30298,30317
26.2539,30317,30387
26.2539,30387,30457
26.2559,30457,30526
26.2589,30526,30595
26.2589,30595,30664
26.2599,30664,30733
26.2689,30733,30802
26.2709,30802,30871
26.2709,30871,30940
26.2759,30940,31008
26.2759,31008,31076
26.2759,31076,31144
26.2809,31144,31212
26.2819,31212,31280
26.2829,31280,31348
26.2829,31348,31415
26.2929,31415,31482
26.2929,31482,31549
26.2949,31549,31616
26.2959,31616,31683
26.2999,31683,31750
26.2999,31750,31817
26.3009,31817,31883
26.3029,31883,31949
26.3029,31949,32015
26.3029,32015,32081
26.3039,32081,32147
26.3469,32147,32213
26.3479,32213,32279
26.3529,32279,32344
26.3639,32344,32409
26.3639,32409,32474
26.3639,32474,32539
26.3709,32539,32604
26.3789,32604,32669
26.3829,32669,32734
26.3829,32734,32799
26.3839,32799,32863
26.6669,32863,32927
26.6709,32927,32991
26.6709,32991,33055
26.6739,33055,33119
26.6779,33119,33183
26.6819,33183,33247
26.6829,33247,33311
26.6829,33311,33374
26.6859,33374,33437
26.6899,33437,33500
26.6899,33500,33563
26.6919,33563,33626
26.6939,33626,33689
26.6939,33689,33752
26.6979,33752,33815
26.6979,33815,33877
26.6979,33877,33939
26.7009,33939,34001
26.7029,34001,34063
26.7039,34063,34125
26.7039,34125,34187
26.7649,34187,34249
26.9459,34249,34311
26.9459,34311,34373
26.9469,34373,34435
26.9549,34435,34496
26.9569,34496,34557
26.9599,34557,34618
26.9639,34618,34679
26.9639,34679,34740
26.9669,34740,34801
26.9719,34801,34862
26.9719,34862,34923
26.9729,34923,34983
26.9779,34983,35043
26.9839,35043,35103
27.1819,35103,35163
27.3069,35163,35223
27.3069,35223,35283
27.3069,35283,35343
27.3099,35343,35403
27.3109,35403,35463
27.3129,35463,35523
27.3129,35523,35582
27.3149,35582,35641
27.3149,35641,35700
27.3169,35700,35759
27.3169,35759,35818
27.3179,35818,35877
27.3189,35877,35936
27.3199,35936,35995
27.3219,35995,36054
27.3219,36054,36113
27.3229,36113,36171
27.3239,36171,36229
27.3239,36229,36287
27.3269,36287,36345
27.3289,36345,36403
27.3289,36403,36461
27.3299,36461,36519
27.3309,36519,36577
27.3309,36577,36635
27.4249,36635,36693
27.4249,36693,36751
27.4259,36751,36809
27.4269,36809,36866
27.4279,36866,36923
27.4279,36923,36980
27.4279,36980,37037
27.4279,37037,37094
27.4299,37094,37151
27.4299,37151,37208
27.4309,37208,37265
27.4309,37265,37322
27.4329,37322,37379
27.4329,37379,37435
27.4329,37435,37491
27.4349,37491,37547
27.4349,37547,37603
27.4349,37603,37659
27.4359,37659,37715
27.4379,37715,37771
27.4379,37771,37827
27.4389,37827,37883
27.4389,37883,37939
27.4389,37939,37995
27.4389,37995,38051
27.4399,38051,38054
27.4669,38054,38110
27.4669,38110,38165
27.4679,38165,38220
27.4689,38220,38275
27.4699,38275,38330
27.4709,38330,38385
27.4719,38385,38440
27.4719,38440,38493
27.4719,38493,38548
27.4739,38548,38603
27.4749,38603,38658
27.4749,38658,38713
27.4779,38713,38768
27.4779,38768,38822
27.4789,38822,38876
27.4809,38876,38930
27.4809,38930,38984
27.4809,38984,39038
27.4829,39038,39092
27.4829,39092,39146
27.4839,39146,39200
27.4859,39200,39254
27.4859,39254,39308
27.4879,39308,39362
27.4889,39362,39416
27.4889,39416,39458
27.5359,39458,39512
27.5359,39512,39565
27.6839,39565,39618
27.6839,39618,39671
28.1449,39671,39724
28.1469,39724,39777
28.1469,39777,39830
28.1479,39830,39883
28.1489,39883,39936
28.1509,39936,39989
28.1509,39989,40042
28.1519,40042,40095
28.1529,40095,40148
28.1539,40148,40201
28.1549,40201,40254
28.1559,40254,40306
28.1559,40306,40358
28.1569,40358,40410
28.1569,40410,40462
28.1569,40462,40514
28.1579,40514,40566
28.1599,40566,40618
28.1609,40618,40670
28.1609,40670,40722
28.1609,40722,40774
28.1609,40774,40826
28.1619,40826,40878
28.1639,40878,40930
28.1639,40930,40982
28.1649,40982,41033
28.1649,41033,41084
28.1659,41084,41135
28.1829,41135,41186
28.3449,41186,41237
28.3469,41237,41288
28.3479,41288,41339
28.3489,41339,41390
28.3489,41390,41441
28.3489,41441,41492
28.3499,41492,41543
28.3499,41543,41594
28.3499,41594,41645
28.3509,41645,41696
28.3519,41696,41747
28.3539,41747,41798
28.3539,41798,41848
28.3559,41848,41898
28.3579,41898,41948
28.3579,41948,41998
28.3589,41998,42048
28.3589,42048,42098
28.3589,42098,42148
28.3609,42148,42198
28.3609,42198,42248
28.3619,42248,42298
28.3639,42298,42348
28.3639,42348,42398
28.3639,42398,42448
28.3639,42448,42498
28.3659,42498,42548
28.3659,42548,42598
28.3779,42598,42648
28.3779,42648,42697
28.6749,42697,42746
28.8749,42746,42795
28.8749,42795,42844
28.8759,42844,42893
28.8829,42893,42942
28.8829,42942,42991
28.8889,42991,43040
28.8969,43040,43089
28.8989,43089,43138
28.9039,43138,43187
28.9039,43187,43236
29.0649,43236,43285
29.0669,43285,43334
29.0669,43334,43383
29.0689,43383,43432
29.0709,43432,43481
29.0729,43481,43529
29.0769,43529,43577
29.0769,43577,43625
29.0779,43625,43673
29.0799,43673,43721
29.0799,43721,43769
29.0799,43769,43817
29.0819,43817,43865
29.0819,43865,43913
29.0819,43913,43961
29.0819,43961,44009
29.0859,44009,44057
29.0859,44057,44105
29.0879,44105,44153
29.0899,44153,44201
29.0919,44201,44249
29.0929,44249,44297
29.0949,44297,44345
29.0949,44345,44393
29.0959,44393,44441
29.0969,44441,44488
29.0979,44488,44535
29.0989,44535,44582
29.0989,44582,44629
29.1029,44629,44676
29.1029,44676,44723
29.1469,44723,44770
29.1479,44770,44817
29.1499,44817,44864
29.1519,44864,44911
29.1549,44911,44958
29.1549,44958,45005
29.1559,45005,45052
29.1589,45052,45099
29.1589,45099,45146
29.1619,45146,45193
29.1619,45193,45240
29.1639,45240,45287
29.1639,45287,45334
29.1669,45334,45381
29.1669,45381,45427
29.1699,45427,45473
29.1699,45473,45519
29.1749,45519,45565
29.1769,45565,45611
29.1779,45611,45657
29.1799,45657,45703
29.1819,45703,45749
29.1819,45749,45795
29.4449,45795,45841
29.4469,45841,45887
29.4489,45887,45933
29.4509,45933,45979
29.4509,45979,46025
29.4549,46025,46071
29.4549,46071,46117
29.4589,46117,46163
29.4589,46163,46209
29.4609,46209,46255
29.4629,46255,46301
29.5159,46301,46347
29.5159,46347,46392
29.5649,46392,46437
29.5659,46437,46482
29.5709,46482,46527
29.5809,46527,46572
29.5809,46572,46617
29.5819,46617,46662
29.6359,46662,46707
29.7869,46707,46752
29.7939,46752,46797
29.7939,46797,46842
29.7949,46842,46887
29.7949,46887,46932
29.7999,46932,46977
29.8019,46977,47022
29.8019,47022,47067
29.8069,47067,47112
29.8099,47112,47157
29.8099,47157,47202
29.8119,47202,47247
29.8139,47247,47292
29.8169,47292,47337
29.8189,47337,47382
29.8189,47382,47426
29.9459,47426,47470
29.9459,47470,47514
29.9459,47514,47536
29.9529,47536,47580
29.9529,47580,47624
29.9529,47624,47630
29.9559,47630,47674
29.9859,47674,47718
29.9879,47718,47762
29.9879,47762,47772
29.9889,47772,47816
29.9889,47816,47819
29.9899,47819,47863
29.9899,47863,47866
29.9909,47866,47910
29.9929,47910,47954
29.9929,47954,47998
29.9989,47998,48042
29.9989,48042,48086
29.9999,48086,48130
30.0039,48130,48174
30.0039,48174,48218
30.0039,48218,48262
30.0079,48262,48306
30.0109,48306,48350
30.0149,48350,48394
30.0169,48394,48438
30.0169,48438,48481
30.0179,48481,48524
30.0209,48524,48567
30.0209,48567,48610
30.0219,48610,48653
30.0229,48653,48696
30.0929,48696,48739
30.1459,48739,48782
30.1459,48782,48825
30.1499,48825,48868
30.1499,48868,48911
30.1519,48911,48954
30.1529,48954,48997
30.1529,48997,49040
30.1579,49040,49083
30.1599,49083,49126
30.1629,49126,49169
30.1629,49169,49212
30.1649,49212,49255
30.1659,49255,49298
30.1689,49298,49341
30.1689,49341,49379
30.1689,49379,49422
30.1729,49422,49465
30.1729,49465,49503
30.1739,49503,49546
30.1739,49546,49548
30.1759,49548,49591
30.1759,49591,49633
30.1759,49633,49670
30.1789,49670,49712
30.1809,49712,49754
30.1819,49754,49796
30.1839,49796,49838
30.1839,49838,49880
30.1869,49880,49922
30.2039,49922,49964
30.2039,49964,50006
30.2349,50006,50048
30.2359,50048,50090
30.2369,50090,50132
30.4649,50132,50174
30.4649,50174,50203
30.4649,50203,50245
30.5179,50245,50287
30.5179,50287,50309
30.5209,50309,50351
30.5209,50351,50353
30.5239,50353,50395
30.5239,50395,50397
30.5239,50397,50439
30.5249,50439,50441
30.5289,50441,50483
30.5309,50483,50525
30.5319,50525,50567
30.5369,50567,50609
30.5429,50609,50651
30.5469,50651,50654
30.5469,50654,50696
30.5469,50696,50698
30.5479,50698,50740
30.5479,50740,50742
30.5479,50742,50784
30.5489,50784,50786
30.5489,50786,50815
30.5489,50815,50830
30.5509,50830,50871
30.5509,50871,50874
30.5509,50874,25437
30.5949,25437,25520
30.5949,25520,25572
30.6189,25572,25655
30.6239,25655,25738
30.6239,25738,25820
30.6239,25820,25902
30.8149,25902,25984
30.8149,25984,26065
30.8149,26065,26146
30.8149,26146,26227
31.0249,26227,26308
31.0249,26308,26388
31.0249,26388,26468
31.0249,26468,26548
31.0269,26548,26575
31.0269,26575,26655
31.0269,26655,26688
31.0279,26688,26767
31.0279,26767,26772
31.0279,26772,26828
31.0279,26828,26856
31.0279,26856,26884
31.0289,26884,26912
31.0289,26912,26969
31.0289,26969,27048
31.0289,27048,27126
31.0299,27126,27196
31.0309,27196,27274
31.0309,27274,27279
31.0309,27279,27334
31.0319,27334,27362
31.0319,27362,27390
31.0319,27390,27418
31.0319,27418,27446
31.0319,27446,27474
31.0319,27474,27502
31.0319,27502,27530
31.0319,27530,27558
31.0329,27558,27585
31.0329,27585,27612
31.1459,27612,27689
31.1509,27689,27765
31.1569,27765,27834
31.1619,27834,27910
31.1619,27910,27942
31.1639,27942,28018
31.1639,28018,28094
31.1749,28094,28169
31.1749,28169,28216
31.1749,28216,28291
31.1749,28291,28366
31.1829,28366,28441
31.1829,28441,28486
31.4059,28486,28560
31.4059,28560,28634
31.4059,28634,28708
31.4109,28708,28782
31.4169,28782,28856
31.4239,28856,28929
31.4239,28929,29002
31.4669,29002,29075
31.4669,29075,29148
31.4679,29148,29221
31.4689,29221,29293
31.4689,29293,29365
31.4699,29365,29437
31.4709,29437,29509
31.4759,29509,29581
31.4759,29581,29653
31.4759,29653,29724
31.4769,29724,29795
31.4769,29795,29866
31.4779,29866,29937
31.4779,29937,30008
31.4789,30008,30078
31.4799,30078,30148
31.4809,30148,30218
31.4819,30218,30288
31.4819,30288,30358
31.4909,30358,30428
31.4909,30428,30498
31.9859,30498,30567
31.9859,30567,30636
31.9889,30636,30705
31.9889,30705,30774
31.9889,30774,30843
31.9919,30843,30912
31.9989,30912,30980
31.9989,30980,31048
31.9989,31048,31116
31.9989,31116,31184
32.0019,31184,31252
32.0069,31252,31320
32.0069,31320,31388
32.0119,31388,31455
32.0129,31455,31522
32.0149,31522,31589
32.0179,31589,31656
32.0179,31656,31723
32.0189,31723,31790
32.0189,31790,31857
32.0239,31857,31923
32.1059,31923,31989
32.1089,31989,32055
32.1089,32055,32095
32.1089,32095,32161
32.1089,32161,32165
32.1099,32165,32212
32.1099,32212,32235
32.1099,32235,32258
32.1099,32258,32324
32.1119,32324,32389
32.1119,32389,32454
32.1119,32454,32519
32.1119,32519,32584
32.1139,32584,32589
32.1139,32589,32654
32.1169,32654,32719
32.1169,32719,32784
32.1179,32784,32849
32.1179,32849,32913
32.1199,32913,32977
32.1209,32977,33041
32.1209,33041,33105
32.1219,33105,33169
32.1219,33169,33233
32.1229,33233,33297
32.1239,33297,33361
32.1249,33361,33424
32.3099,33424,33487
32.3099,33487,33550
32.3139,33550,33613
32.3139,33613,33676
32.3139,33676,33739
32.3219,33739,33802
32.3259,33802,33815
32.3279,33815,33878
32.3299,33878,33882
32.3299,33882,33926
32.3319,33926,33948
32.3349,33948,33970
32.3349,33970,33992
32.3379,33992,34054
32.3429,34054,34116
32.3429,34116,34178
32.4649,34178,34240
32.4649,34240,34262
32.4649,34262,34324
32.4649,34324,34328
32.4659,34328,34390
32.4659,34390,34451
32.4679,34451,34512
32.4699,34512,34572
32.4709,34572,34615
32.4709,34615,34637
32.4719,34637,34681
32.4729,34681,34742
32.4739,34742,34746
32.4739,34746,34807
32.4739,34807,34811
32.4759,34811,34872
32.4779,34872,34920
32.4779,34920,34963
32.4799,34963,34985
32.4799,34985,35028
32.4799,35028,35050
32.4809,35050,35071
32.4819,35071,35092
32.4829,35092,35113
32.4839,35113,35134
32.4869,35134,35194
32.4879,35194,35254
32.4899,35254,35314
32.4909,35314,35374
32.4929,35374,35434
32.4949,35434,35493
32.4949,35493,35553
32.4979,35553,35612
32.4989,35612,35671
32.6659,35671,35730
32.6679,35730,35789
32.6679,35789,35848
32.6689,35848,35907
32.6709,35907,35966
32.6729,35966,36025
32.6729,36025,36084
32.6779,36084,36143
32.6799,36143,36201
32.6819,36201,36259
32.6839,36259,36317
32.6839,36317,36375
32.6859,36375,36433
32.6869,36433,36491
32.6889,36491,36549
32.6899,36549,36607
32.6919,36607,36665
32.6919,36665,36723
32.6949,36723,36781
32.6999,36781,36838
32.6999,36838,36895
32.7029,36895,36952
32.7529,36952,37009
32.7529,37009,37066
32.8669,37066,37123
32.8679,37123,37180
32.8689,37180,37215
32.8709,37215,37255
32.8719,37255,37275
32.8719,37275,37315
32.8729,37315,37335
32.8729,37335,37375
32.8749,37375,37395
32.8749,37395,37435
32.8759,37435,37455
32.8769,37455,37475
32.8779,37475,37495
32.8799,37495,37551
32.8809,37551,37607
32.8819,37607,37663
32.8829,37663,37719
32.8829,37719,37759
32.8839,37759,37779
32.8859,37779,37799
32.8859,37799,37839
32.8869,37839,37859
32.8869,37859,37899
32.8879,37899,37919
32.8879,37919,37959
32.8899,37959,37979
32.8899,37979,38018
32.8899,38018,38038
32.8899,38038,38077
32.8909,38077,38097
32.8919,38097,38117
32.8939,38117,38172
32.8959,38172,38227
32.8959,38227,38282
32.8969,38282,38337
32.8989,38337,38392
32.8999,38392,38447
33.1049,38447,38502
33.1059,38502,38557
33.1059,38557,38612
33.1069,38612,38666
33.1069,38666,38721
33.1069,38721,38775
33.1079,38775,38829
33.1079,38829,38883
33.1079,38883,38937
33.1089,38937,38991
33.1099,38991,39045
33.1099,39045,39099
33.1099,39099,39153
33.1109,39153,39207
33.1109,39207,39261
33.1109,39261,39314
33.1119,39314,39368
33.1129,39368,39421
33.1129,39421,39475
33.1129,39475,39528
33.1129,39528,39581
33.1129,39581,39634
33.1139,39634,39687
33.1149,39687,39740
33.1149,39740,39749
33.1159,39749,39802
33.1159,39802,39844
33.2649,39844,39897
33.2689,39897,39950
33.2689,39950,39997
33.2739,39997,40050
33.2739,40050,40053
33.2739,40053,40106
33.2769,40106,40109
33.2779,40109,40162
33.2789,40162,40165
33.2819,40165,40218
33.2819,40218,40270
33.2879,40270,40322
33.2939,40322,40354
33.2949,40354,40406
33.2989,40406,40458
33.2989,40458,40510
33.3039,40510,40561
33.3099,40561,40613
33.3099,40613,40665
33.3159,40665,40717
33.3219,40717,40769
33.3329,40769,40821
33.3329,40821,40873
33.3329,40873,40919
33.3399,40919,40956
33.3399,40956,40993
33.3399,40993,41011
33.3419,41011,41048
33.3429,41048,41099
33.3509,41099,41150
33.3539,41150,41201
33.3539,41201,41252
33.3629,41252,41303
33.3679,41303,41354
33.3679,41354,41405
33.3679,41405,41456
33.3729,41456,41507
33.3809,41507,41558
33.5849,41558,41609
33.5849,41609,41659
33.5849,41659,41710
33.5869,41710,41760
33.5869,41760,41811
33.5879,41811,41861
33.5879,41861,41911
33.5899,41911,41961
33.5909,41961,42011
33.5909,42011,42061
33.5929,42061,42111
33.5939,42111,42161
33.5959,42161,42211
33.5959,42211,42261
33.5959,42261,42311
33.6019,42311,42361
33.6019,42361,42411
33.6039,42411,42460
33.6039,42460,42510
33.6059,42510,42559
33.6089,42559,42609
33.6089,42609,42658
33.6109,42658,42707
33.6139,42707,42756
33.6139,42756,42805
33.6139,42805,42854
33.6179,42854,42903
33.6199,42903,42952
33.6239,42952,43001
33.6269,43001,43050
33.6269,43050,43099
33.6299,43099,43148
33.6339,43148,43197
33.6389,43197,43246
33.6389,43246,43295
33.6439,43295,43343
33.6489,43343,43392
33.6489,43392,43440
33.6519,43440,43489
33.6539,43489,43537
33.6569,43537,43585
33.6569,43585,43633
33.6569,43633,43681
33.6589,43681,43729
33.6629,43729,43777
33.6629,43777,43825
33.6629,43825,43873
33.7649,43873,43921
33.7669,43921,43969
33.7699,43969,44017
33.7699,44017,44034
33.7699,44034,44082
33.7699,44082,44102
33.7719,44102,44150
33.7719,44150,44170
33.7719,44170,44218
33.7729,44218,44221
33.7749,44221,44255
33.7749,44255,44272
33.7749,44272,44320
33.7779,44320,44367
33.7789,44367,44415
33.7809,44415,44462
33.7809,44462,44509
33.7809,44509,44556
33.7829,44556,44603
33.7839,44603,44650
33.7839,44650,44697
33.8249,44697,44744
33.8259,44744,44791
33.8259,44791,44838
33.8259,44838,44885
33.8269,44885,44932
33.8279,44932,44979
33.8279,44979,45026
33.8279,45026,45073
33.8299,45073,45120
33.8309,45120,45167
33.8309,45167,45213
33.8309,45213,45260
33.8309,45260,45281
33.8319,45281,45328
33.8319,45328,45374
33.8329,45374,45420
33.8329,45420,45466
33.8329,45466,45512
33.8339,45512,45558
33.8379,45558,45604
33.8389,45604,45650
33.8389,45650,45696
33.8409,45696,45742
33.8419,45742,45788
33.8419,45788,45834
33.8429,45834,45880
33.8429,45880,45926
33.8429,45926,45972
33.8439,45972,46018
33.8439,46018,46064
33.8439,46064,46083
33.8609,46083,46129
33.8609,46129,46132
34.1049,46132,46148
34.1049,46148,46164
34.1059,46164,46197
34.1059,46197,46229
34.1059,46229,46245
34.1069,46245,46261
34.1079,46261,46293
34.1099,46293,46339
34.1129,46339,46384
34.1159,46384,46429
34.1189,46429,46441
34.1199,46441,46486
34.1229,46486,46531
34.1249,46531,46576
34.1249,46576,46621
34.1249,46621,46636
34.1259,46636,46681
34.1289,46681,46726
34.1289,46726,46771
34.1329,46771,46816
34.1359,46816,46847
34.1379,46847,46892
34.1389,46892,46895
34.1399,46895,46927
34.1399,46927,46972
34.2249,46972,47017
34.2269,47017,47062
34.2369,47062,47107
34.3849,47107,47152
34.3849,47152,47196
34.3849,47196,47241
34.3859,47241,47285
34.3859,47285,47330
34.3869,47330,47374
34.3869,47374,47418
34.3869,47418,47462
34.3889,47462,47506
34.3889,47506,47550
34.3899,47550,47594
34.3899,47594,47638
34.3909,47638,47682
34.3909,47682,47726
34.3919,47726,47770
34.3919,47770,47814
34.3929,47814,47858
34.3929,47858,47902
34.3929,47902,47946
34.3939,47946,47990
34.3939,47990,48034
34.3959,48034,48078
34.3969,48078,48122
34.3989,48122,48166
34.3989,48166,48210
34.3999,48210,48253
34.3999,48253,48297
34.4009,48297,48340
34.4009,48340,48384
34.4029,48384,48427
34.4029,48427,48471
34.4039,48471,48514
34.4529,48514,48557
34.4529,48557,48600
34.4549,48600,48643
34.4569,48643,48686
34.4589,48686,48729
34.4619,48729,48772
34.4619,48772,48815
34.5049,48815,48858
34.5089,48858,48901
34.5089,48901,48944
34.5119,48944,48987
34.5119,48987,49030
34.5169,49030,49073
34.5169,49073,49116
34.5199,49116,49159
34.5199,49159,49202
34.5239,49202,49245
34.5239,49245,49288
34.5259,49288,49331
34.5289,49331,49373
34.5299,49373,49416
34.5339,49416,49458
34.5339,49458,49501
34.5369,49501,49543
34.5389,49543,49586
34.5389,49586,49628
34.5429,49628,49670
34.5429,49670,49712
34.5439,49712,49754
34.5439,49754,49796
34.5649,49796,49838
34.5659,49838,49880
34.5679,49880,49922
34.5689,49922,49964
34.5689,49964,50006
34.5699,50006,50048
34.5709,50048,50090
34.5709,50090,50132
34.5719,50132,50174
34.5719,50174,50216
34.5729,50216,50258
34.5749,50258,50300
34.5749,50300,50342
34.5769,50342,50384
34.5769,50384,50426
34.5779,50426,50468
34.5779,50468,50510
34.5779,50510,50551
34.5789,50551,50593
34.5819,50593,50634
34.5819,50634,50676
34.5819,50676,50717
34.5829,50717,50759
34.9099,50759,50800
34.9189,50800,50841
34.9189,50841,50882
34.9189,50882,50923
35.0119,50923,50964
35.0139,50964,51005
35.0159,51005,51046
35.0189,51046,51087
35.0189,51087,51128
35.0209,51128,51169
35.0209,51169,51210
35.0219,51210,51251
35.0229,51251,51292
35.0229,51292,51333
35.0749,51333,51374
35.1249,51374,51415
35.1269,51415,51456
35.1269,51456,51497
35.1289,51497,51538
35.1309,51538,51579
35.1329,51579,51620
35.1359,51620,51661
35.1359,51661,51702
35.1379,51702,51743
35.1419,51743,51783
35.1419,51783,51824
35.1429,51824,51864
35.1429,51864,51905
35.1429,51905,51945
35.2659,51945,51986
35.2679,51986,52026
35.2679,52026,52066
35.2679,52066,52106
35.2699,52106,52146
35.2719,52146,52186
35.2729,52186,52226
35.2739,52226,52266
35.2739,52266,52306
35.2779,52306,52346
35.2779,52346,52386
35.2809,52386,52426
35.2809,52426,52466
35.2829,52466,52506
35.2829,52506,52546
35.2859,52546,26273
35.6719,26273,26353
35.6739,26353,26433
35.6739,26433,26513
35.6769,26513,26592
35.6769,26592,26672
35.9459,26672,26751
35.9459,26751,26830
35.9469,26830,26909
35.9469,26909,26988
35.9489,26988,27066
35.9489,27066,27144
35.9509,27144,27222
35.9509,27222,27300
35.9509,27300,27377
35.9509,27377,27454
35.9539,27454,27531
35.9539,27531,27608
35.9579,27608,27684
35.9579,27684,27760
35.9589,27760,27836
35.9589,27836,27912
35.9609,27912,27987
35.9609,27987,28063
35.9629,28063,28138
35.9629,28138,28213
36.3469,28213,28288
36.3469,28288,28363
36.3499,28363,28437
36.3499,28437,28511
36.3509,28511,28585
36.3509,28585,28659
36.3509,28659,28732
36.3539,28732,28806
36.3539,28806,28879
36.3539,28879,28952
36.3589,28952,29025
36.3589,29025,29098
36.3589,29098,29170
36.3589,29170,29243
36.3609,29243,29315
36.3629,29315,29387
36.3629,29387,29418
36.3639,29418,29490
36.3639,29490,29494
36.3639,29494,29566
36.3639,29566,29570
36.3639,29570,29621
36.3779,29621,29673
36.4659,29673,29724
36.4659,29724,29775
36.4689,29775,29846
36.4689,29846,29917
36.7849,29917,29988
36.7899,29988,30032
36.7929,30032,30102
36.7959,30102,30106
36.7979,30106,30176
36.7979,30176,30246
36.8039,30246,30316
36.8099,30316,30334
36.8119,30334,30404
36.8119,30404,30474
36.8159,30474,30543
36.8239,30543,30612
36.8239,30612,30634
36.9949,30634,30703
36.9949,30703,30772
36.9999,30772,15386
37.1259,15386,15524
37.1459,15524,15661
37.1459,15661,15797
37.1459,15797,15931
37.1469,15931,16064
37.1469,16064,16196
37.1479,16196,16327
37.1769,16327,16457
37.1769,16457,16586
37.1769,16586,16714
37.1769,16714,16841
37.3849,16841,16967
37.3869,16967,17092
37.3869,17092,17216
37.3889,17216,17339
37.3889,17339,17461
37.3889,17461,17583
37.3929,17583,17678
37.3959,17678,17798
37.3959,17798,17894
37.3979,17894,18013
37.3979,18013,18021
37.3979,18021,18105
37.3979,18105,18147
37.3999,18147,18189
37.4019,18189,18231
37.4069,18231,18347
37.4099,18347,18462
37.5059,18462,18524
37.5059,18524,18605
37.5069,18605,18687
37.5069,18687,18768
37.5069,18768,18809
37.5089,18809,18849
37.5089,18849,18889
37.5089,18889,18929
37.5089,18929,18969
37.5109,18969,19081
37.5109,19081,19192
37.5129,19192,19303
37.5129,19303,19412
37.5159,19412,19451
37.5169,19451,19560
37.5179,19560,19668
37.5179,19668,19776
37.5219,19776,19883
37.5219,19883,19990
37.8289,19990,20096
37.8289,20096,20150
37.8309,20150,20255
37.8309,20255,20360
37.8419,20360,20464
37.8419,20464,20568
37.8429,20568,20671
37.8479,20671,20774
37.8539,20774,20876
37.8619,20876,20978
37.8619,20978,21079
37.9059,21079,21180
37.9069,21180,21280
37.9069,21280,21380
37.9079,21380,21479
37.9079,21479,21557
37.9089,21557,21655
37.9089,21655,21663
37.9089,21663,21761
37.9109,21761,21858
37.9109,21858,21955
37.9119,21955,22052
37.9129,22052,22148
37.9129,22148,22244
37.9139,22244,22339
37.9159,22339,22434
37.9259,22434,22529
37.9259,22529,22623
38.1069,22623,22717
38.1089,22717,22810
38.1099,22810,22903
38.1099,22903,22996
38.1129,22996,23088
38.1169,23088,23180
38.1199,23180,23271
38.1229,23271,23362
38.1279,23362,23453
38.1299,23453,23541
38.1299,23541,23605
38.1319,23605,23669
38.1319,23669,23733
38.1329,23733,23822
38.1349,23822,23910
38.1349,23910,23999
38.1399,23999,24087
38.1409,24087,24175
38.4139,24175,24262
38.4139,24262,24349
38.4139,24349,24404
38.4149,24404,24491
38.4159,24491,24577
38.4169,24577,24663
38.4189,24663,24749
38.4209,24749,24835
38.4239,24835,24920
38.4239,24920,25005
38.6349,25005,25090
38.6349,25090,25174
38.6399,25174,25258
38.6399,25258,25342
38.6459,25342,25426
38.6459,25426,25509
38.6519,25509,25592
38.6519,25592,25675
38.6549,25675,25757
38.6569,25757,25839
38.6579,25839,25921
38.6599,25921,26003
38.6609,26003,26084
38.6639,26084,26165
38.6639,26165,26246
38.7459,26246,26327
38.7459,26327,26404
38.7469,26404,26484
38.7469,26484,26489
38.7479,26489,26518
38.7479,26518,26547
38.7479,26547,26576
38.7489,26576,26656
38.7489,26656,26735
38.7509,26735,26814
38.7509,26814,26893
38.7529,26893,26972
38.7529,26972,27050
38.7529,27050,27128
38.7539,27128,27206
38.7559,27206,27284
38.7569,27284,27361
38.7589,27361,27438
38.7589,27438,27459
38.7609,27459,27536
38.7609,27536,27541
38.7609,27541,27618
38.7609,27618,27623
38.7639,27623,27700
38.7639,27700,27706
38.8759,27706,27733
38.8759,27733,27760
38.8759,27760,27787
38.8759,27787,27814
38.8959,27814,27869
38.9039,27869,27945
38.9039,27945,27978
38.9849,27978,28054
38.9849,28054,28129
38.9859,28129,28141
38.9869,28141,28216
38.9869,28216,28274
38.9869,28274,28349
38.9869,28349,28408
38.9869,28408,28483
38.9879,28483,28488
38.9879,28488,28562
38.9879,28562,28567
38.9879,28567,28641
38.9879,28641,28646
38.9889,28646,28720
38.9889,28720,28725
38.9889,28725,28799
38.9889,28799,28804
38.9889,28804,28878
38.9889,28878,28909
38.9889,28909,28982
38.9899,28982,28987
38.9899,28987,29060
38.9909,29060,29133
38.9909,29133,29171
38.9909,29171,29223
38.9919,29223,29295
38.9929,29295,29327
38.9929,29327,29378
38.9929,29378,29404
39.0409,29404,29430
39.0409,29430,29456
39.0409,29456,29508
39.0599,29508,29580
39.0599,29580,29652
39.0599,29652,29723
39.3499,29723,29794
39.3499,29794,29844
39.3499,29844,29915
39.3519,29915,29986
39.3559,29986,30057
39.3629,30057,30099
39.3629,30099,30149
39.3639,30149,30199
39.3659,30199,30224
39.3679,30224,30274
39.3719,30274,30299
39.3719,30299,30324
39.3719,30324,30349
39.3719,30349,30374
39.3729,30374,30444
39.3789,30444,30513
39.3839,30513,30576
39.3869,30576,30625
39.3879,30625,30694
39.3929,30694,30750
39.3929,30750,30819
39.3959,30819,30874
39.3979,30874,30923
39.4009,30923,30947
39.4009,30947,30996
39.4019,30996,31020
39.4029,31020,31044
39.4039,31044,31068
39.4049,31068,31092
39.4069,31092,31116
39.4069,31116,31184
39.4079,31184,31214
39.4109,31214,31282
39.4109,31282,31288
39.4119,31288,31356
39.4119,31356,31385
39.4119,31385,31452
39.4139,31452,31519
39.4159,31519,31586
39.4159,31586,31653
39.4169,31653,31720
39.4169,31720,31787
39.4219,31787,31854
39.4229,31854,31920
39.5349,31920,31986
39.5369,31986,32052
39.5419,32052,32118
39.5419,32118,32184
39.5429,32184,32250
39.5889,32250,32316
39.5899,32316,32381
39.5919,32381,32446
39.5939,32446,32511
39.5939,32511,32576
39.5969,32576,32641
39.5969,32641,32706
39.5999,32706,32771
39.5999,32771,32836
39.6029,32836,32900
39.6039,32900,32964
39.6039,32964,33028
39.6079,33028,33092
39.6079,33092,33156
39.6099,33156,33220
39.6109,33220,33284
39.6129,33284,33347
39.6139,33347,33410
39.6179,33410,33473
39.6179,33473,33536
39.6179,33536,33599
39.6229,33599,33662
39.6319,33662,33725
39.6319,33725,33788
39.6359,33788,33851
39.6369,33851,33913
39.6419,33913,33975
39.6439,33975,34037
39.6439,34037,34041
39.6439,34041,34103
39.6449,34103,34107
39.6469,34107,34151
39.6469,34151,34195
39.6489,34195,34217
39.6499,34217,34239
39.6519,34239,34261
39.6519,34261,34305
39.6539,34305,34327
39.6539,34327,34371
39.6539,34371,34393
39.6549,34393,34415
39.6559,34415,34437
39.6609,34437,34498
39.6609,34498,34559
39.6629,34559,34620
39.6639,34620,34658
39.8249,34658,34719
39.8249,34719,34723
39.8259,34723,34784
39.8259,34784,34788
39.8269,34788,34849
39.8269,34849,34897
39.8289,34897,34958
39.8299,34958,34962
39.8309,34962,35005
39.8339,35005,35065
39.8349,35065,35125
39.8349,35125,35185
39.8389,35185,35245
39.8429,35245,35305
39.8429,35305,35365
39.8459,35365,35425
39.8489,35425,35484
39.8539,35484,35544
39.8539,35544,35603
39.8579,35603,35662
39.8579,35662,35721
39.8619,35721,35780
39.8639,35780,35839
